Time,Dst,Type
0.0,1,1
0.0012409687042236328,0,2
0.002196073532104492,0,2
0.020437002182006836,0,3
0.020457029342651367,0,3
0.02205801010131836,0,4
0.02856302261352539,0,5
0.04150509834289551,0,6
0.04708695411682129,0,6
0.047116994857788086,0,6
0.047122955322265625,0,6
0.05778002738952637,0,6
2.1050779819488525,0,2
2.105103015899658,0,2
2.106187105178833,0,2
2.160099983215332,1,1
