Time,Dst,Type
0.0,1,1
0.002218008041381836,0,2
0.002223968505859375,0,2
0.022567033767700195,0,3
0.024967193603515625,0,4
0.031182050704956055,0,5
0.04792213439941406,0,6
0.05018496513366699,0,6
0.0538029670715332,0,6
2.08467698097229,1,1
2.085909128189087,0,2
2.085926055908203,0,2
2.085932970046997,0,2
2.139907121658325,1,1
2.142719030380249,0,2
2.5656630992889404,1,1
2.56662917137146,0,2
2.5676090717315674,0,2
2.5768749713897705,1,1
2.5769081115722656,0,2
2.5784130096435547,0,2
