Time,Dst,Type
0.0,1,1
2.5987625122070312e-05,0,2
0.0011057853698730469,0,2
0.0011298656463623047,0,2
0.021320819854736328,0,3
0.021339893341064453,0,3
0.022357940673828125,0,4
0.04342985153198242,0,6
0.043457984924316406,0,6
0.04431581497192383,0,6
0.0456998348236084,0,6
0.04722881317138672,0,6
2.087500810623169,1,1
2.0875418186187744,0,2
2.08894681930542,0,2
2.089826822280884,0,2
2.142735004425049,1,1
2.1427648067474365,0,2
2.1443870067596436,0,2
2.1444149017333984,0,2
