Time,Dst,Type
0.0,1,1
3.1948089599609375e-05,0,2
0.0006048679351806641,0,2
0.0006270408630371094,0,2
0.02044391632080078,0,3
0.024188995361328125,0,4
0.03156685829162598,0,5
0.04588198661804199,0,6
0.04670596122741699,0,6
0.04940390586853027,0,6
0.049468994140625,0,6
2.1019039154052734,0,2
2.1019270420074463,0,2
2.102958917617798,0,2
2.156285047531128,1,1
2.156337022781372,0,2
2.1572680473327637,0,2
2.158808946609497,0,2
