Time,Dst,Type
0.0,1,1
0.0012471675872802734,0,2
0.0012631416320800781,0,2
0.020668983459472656,0,3
0.02068614959716797,0,3
0.02289104461669922,0,4
0.02875995635986328,0,5
0.05204606056213379,0,6
0.05483198165893555,0,6
0.05593609809875488,0,6
2.119176149368286,0,2
2.1201250553131104,0,2
2.1665899753570557,1,1
2.53432297706604,1,1
2.5357630252838135,0,2
2.535768985748291,0,2
2.54508900642395,1,1
