Time,Dst,Type
0.0,1,1
3.409385681152344e-05,0,2
0.0009450912475585938,0,2
0.0009760856628417969,0,2
0.01927495002746582,0,3
0.01928997039794922,0,3
0.02069687843322754,0,4
0.027570009231567383,0,5
0.04252505302429199,0,6
2.078953981399536,0,2
2.0801548957824707,0,2
2.0801849365234375,0,2
2.133686065673828,1,1
2.1337199211120605,0,2
2.13452410697937,0,2
2.1345551013946533,0,2
