Time,Dst,Type
0.0,0,1
3.0040740966796875e-05,0,2
0.0015680789947509766,0,2
0.0015990734100341797,0,3
0.0016071796417236328,0,2
0.0025022029876708984,0,3
0.003238201141357422,0,4
0.012301206588745117,0,5
0.02387213706970215,0,6
0.033065080642700195,0,6
0.03818321228027344,0,6
0.039314985275268555,0,6
0.4218921661376953,1,1
0.4219241142272949,0,2
0.42310118675231934,0,2
0.42313504219055176,0,2
1.1457290649414062,1,1
1.1457631587982178,0,2
1.1468842029571533,0,2
1.1469221115112305,0,2
