Time,Dst,Type
0.0,0,1
1.9073486328125e-05,0,2
2.5033950805664062e-05,0,3
0.0013740062713623047,0,2
0.002463102340698242,0,2
0.002485990524291992,0,3
0.004133939743041992,0,4
0.011173009872436523,0,5
0.02620100975036621,0,6
0.029454946517944336,0,6
0.03101491928100586,0,6
0.03450798988342285,0,6
0.38527512550354004,1,1
0.38530802726745605,0,2
0.3864459991455078,0,2
0.386476993560791,0,2
