Time,Dst,Type
0.0,0,1
4.506111145019531e-05,0,2
5.2928924560546875e-05,0,3
0.0016238689422607422,0,2
0.0029969215393066406,0,2
0.0030469894409179688,0,3
0.004909038543701172,0,4
0.01184988021850586,0,5
0.017505884170532227,0,6
0.031479835510253906,0,6
0.033612966537475586,0,6
0.037541866302490234,0,6
0.3973050117492676,1,1
0.3984110355377197,0,2
0.3984370231628418,0,2
0.399677038192749,0,2
