Time,Dst,Type
0.0,0,1
3.504753112792969e-05,0,2
4.9114227294921875e-05,0,3
0.0009081363677978516,0,2
0.002095937728881836,0,2
0.0021300315856933594,0,3
0.003314971923828125,0,4
0.010236024856567383,0,5
0.026562929153442383,0,6
0.030730009078979492,0,6
0.032330989837646484,0,6
0.03234410285949707,0,6
0.035444021224975586,0,6
0.44132399559020996,0,2
0.44263601303100586,0,2
0.44264912605285645,0,2
1.3159301280975342,1,1
1.3171610832214355,0,2
1.3183119297027588,0,2
