Time,Dst,Type
0.0,0,1
0.0020589828491210938,0,3
0.0020880699157714844,0,2
0.0031480789184570312,0,2
0.003178119659423828,0,3
0.011022090911865234,0,5
0.019807100296020508,0,6
0.03190898895263672,0,6
0.03294205665588379,0,6
0.41711902618408203,1,1
1.368232011795044,0,2
