Time,Dst,Type
0.0,0,1
2.5033950805664062e-05,0,3
0.008301019668579102,0,2
0.009688854217529297,0,2
0.010602951049804688,0,2
0.011895895004272461,0,3
0.015512943267822266,0,4
0.022610902786254883,0,5
0.026353836059570312,0,6
0.042337894439697266,0,6
0.04361581802368164,0,6
0.04724287986755371,0,6
