Time,Dst,Type
0.0,0,1
2.6941299438476562e-05,0,2
0.0008778572082519531,0,2
0.0009038448333740234,0,3
0.0009109973907470703,0,2
0.0009179115295410156,0,3
0.004053831100463867,0,4
0.010648012161254883,0,5
0.010676860809326172,0,5
0.018570899963378906,0,6
0.035591840744018555,0,6
0.03783583641052246,0,6
0.03993797302246094,0,6
0.3950669765472412,0,2
0.3950958251953125,0,2
0.3959479331970215,0,2
1.187708854675293,1,1
