Time,Dst,Type
0.0,0,1
2.2172927856445312e-05,0,2
0.001232147216796875,0,2
0.0012562274932861328,0,3
0.0012621879577636719,0,2
0.002068042755126953,0,3
0.0035500526428222656,0,4
0.010596990585327148,0,5
0.0106201171875,0,5
0.0186769962310791,0,6
0.029218196868896484,0,6
0.02924203872680664,0,6
0.029247045516967773,0,6
0.0315861701965332,0,6
0.03524017333984375,0,6
0.3747072219848633,1,1
0.37473607063293457,0,2
1.2648401260375977,1,1
1.2665150165557861,0,2
