Time,Dst,Type
0.0,0,1
2.5033950805664062e-05,0,2
0.0012221336364746094,0,2
0.0012271404266357422,0,2
0.0049440860748291016,0,3
0.00495600700378418,0,3
0.016007184982299805,0,5
0.03500699996948242,0,6
0.056440114974975586,0,6
0.05826306343078613,0,6
0.06299519538879395,0,6
10.69504714012146,0,2
10.696434020996094,0,2
10.696449041366577,0,2
10.715293169021606,0,2
10.716548204421997,0,2
10.716552019119263,0,2
