Time,Dst,Type
0.0,0,1
5.0067901611328125e-06,0,2
0.001127004623413086,0,3
0.0011379718780517578,0,2
0.001146078109741211,0,3
0.01133108139038086,0,5
0.021342039108276367,0,6
0.0583500862121582,0,6
0.06019997596740723,0,6
0.06810402870178223,0,6
10.63603401184082,0,2
10.638199090957642,0,2
