Time,Dst,Type
0.0,0,1
9.059906005859375e-06,0,2
0.0014400482177734375,0,2
0.0051670074462890625,0,3
0.005182027816772461,0,3
0.008172035217285156,0,4
0.008180856704711914,0,4
0.009204864501953125,0,4
0.009213924407958984,0,4
0.01027989387512207,0,4
0.017042875289916992,0,5
0.03261303901672363,0,6
0.04743599891662598,0,6
0.049118995666503906,0,6
0.04913902282714844,0,6
0.05725884437561035,0,6
