Time,Dst,Type
0.0,0,1
0.0012149810791015625,0,2
0.0033049583435058594,0,3
0.0033140182495117188,0,3
0.00557398796081543,0,4
0.028892040252685547,0,6
0.03588700294494629,0,6
0.03811192512512207,0,6
0.03812599182128906,0,6
0.04598093032836914,0,6
10.721468925476074,0,2
10.722672939300537,0,2
10.722677946090698,0,2
10.741581916809082,0,2
