Time,Dst,Type
0.0,0,1
8.821487426757812e-06,0,2
0.001046895980834961,0,2
0.0010559558868408203,0,2
0.0027298927307128906,0,3
0.002730846405029297,0,3
0.00620579719543457,0,4
0.021669864654541016,0,5
0.024588823318481445,0,6
0.054025888442993164,0,6
0.05582380294799805,0,6
0.06305789947509766,0,6
10.660169839859009,0,2
10.661279916763306,0,2
10.682386875152588,0,2
