Time,Dst,Type
0.0,0,1
2.7894973754882812e-05,0,2
0.0011339187622070312,0,2
0.0011630058288574219,0,3
0.0011708736419677734,0,2
0.0011780261993408203,0,3
0.00214385986328125,0,4
0.009070873260498047,0,5
0.01910686492919922,0,6
0.020743846893310547,0,6
0.020764827728271484,0,6
0.02228689193725586,0,6
