Time,Dst,Type
0.0,0,1
0.0015189647674560547,0,2
0.0015490055084228516,0,2
0.0024938583374023438,0,2
0.0037889480590820312,0,3
0.0038080215454101562,0,3
0.00745391845703125,0,4
0.015433073043823242,0,5
0.03375387191772461,0,6
0.03477787971496582,0,6
0.03936004638671875,0,6
5.7587890625,1,1
5.760118007659912,0,2
5.7612080574035645,0,2
5.761225938796997,0,2
5.778213024139404,1,1
5.7805140018463135,0,2
5.780534982681274,0,2
5.782033920288086,0,2
