Time,Dst,Type
0.0,0,1
3.0040740966796875e-05,0,2
0.0008189678192138672,0,2
0.0008389949798583984,0,2
0.0035440921783447266,0,3
0.003576040267944336,0,3
0.013151884078979492,0,5
0.022420883178710938,0,6
0.03292393684387207,0,6
0.03472399711608887,0,6
0.03879809379577637,0,6
5.749833106994629,1,1
5.770250082015991,1,1
5.772734880447388,0,2
5.7727580070495605,0,2
