Time,Dst,Type
0.0,0,1
0.0010619163513183594,0,1
0.002599954605102539,0,1
0.002604961395263672,0,2
0.005362987518310547,0,2
0.008599042892456055,0,3
0.011797904968261719,0,4
0.0196230411529541,0,5
0.05517005920410156,0,6
0.0657949447631836,0,6
1.5327849388122559,1,1
1.532801866531372,0,2
1.5339138507843018,0,2
1.53517484664917,0,2
1.5521209239959717,1,1
1.5521509647369385,0,2
1.5532200336456299,0,2
1.5546379089355469,0,2
