Time,Dst,Type
0.0,0,1
3.0994415283203125e-05,0,2
0.0012640953063964844,0,2
0.0012941360473632812,0,2
0.003654003143310547,0,3
0.0036880970001220703,0,3
0.006546974182128906,0,4
0.013029098510742188,0,5
0.03022909164428711,0,6
0.04666304588317871,0,6
0.04939007759094238,0,6
0.05162811279296875,0,6
9.375517129898071,1,1
9.375550985336304,0,2
9.376466035842896,1,1
9.37780213356018,0,2
9.393821001052856,1,1
9.395301103591919,0,2
9.397205114364624,0,2
