Time,Dst,Type
0.0,0,1
0.001024007797241211,0,2
0.0021300315856933594,0,2
0.0035080909729003906,0,2
0.005846977233886719,0,3
0.009618997573852539,0,4
0.016475200653076172,0,5
0.026792049407958984,0,6
0.05484199523925781,0,6
0.05735516548156738,0,6
0.060607194900512695,0,6
9.479598999023438,1,1
9.480724096298218,1,1
9.482636213302612,0,2
9.50051498413086,1,1
9.500530004501343,1,1
9.501934051513672,0,2
9.503182172775269,0,2
9.504355192184448,0,2
