Time,Dst,Type
0.0,0,1
0.00096893310546875,0,2
0.0022649765014648438,0,2
0.005808115005493164,0,3
0.006659984588623047,0,3
0.010664939880371094,0,4
0.01673412322998047,0,5
0.05399513244628906,0,6
0.05525612831115723,0,6
0.059736013412475586,0,6
9.334671020507812,1,1
9.335755109786987,0,2
9.335782051086426,1,1
9.337144136428833,0,2
9.33716106414795,0,2
9.355415105819702,1,1
9.356324911117554,1,1
9.35633397102356,0,2
9.358689069747925,0,2
9.358708143234253,0,2
