Time,Dst,Type
0.0,0,1
2.9087066650390625e-05,0,1
4.315376281738281e-05,0,1
0.0006561279296875,0,2
0.002476215362548828,0,2
0.006420135498046875,0,3
0.013904094696044922,0,4
0.021071195602416992,0,5
0.06373000144958496,0,6
0.06573605537414551,0,6
0.07149910926818848,0,6
9.350598096847534,1,1
9.351587057113647,1,1
9.3527250289917,0,2
9.359977006912231,0,2
19.41402006149292,1,1
19.415260076522827,0,2
19.417132139205933,0,2
19.418394088745117,0,2
