Time,Dst,Type
0.0,0,1
7.867813110351562e-06,0,2
0.0012238025665283203,0,2
0.0019299983978271484,0,2
0.004441976547241211,0,3
0.0044708251953125,0,3
0.007234811782836914,0,4
0.013852834701538086,0,5
0.01612997055053711,0,6
0.044795989990234375,0,6
0.04607582092285156,0,6
0.049124956130981445,0,6
9.447409868240356,1,1
9.447418928146362,0,2
9.447420835494995,1,1
9.450047969818115,0,2
9.468000888824463,1,1
9.468005895614624,0,2
9.46924901008606,1,1
9.46925401687622,0,2
9.470463991165161,0,2
