Time,Dst,Type
0.0,0,2
5.9604644775390625e-06,0,2
0.001093149185180664,0,3
0.0010991096496582031,0,3
0.006247997283935547,0,4
0.015150070190429688,0,5
0.038314104080200195,0,6
0.04068899154663086,0,6
0.04369497299194336,0,6
9.481110095977783,1,1
9.481122970581055,0,2
9.482475996017456,1,1
9.482519149780273,0,2
9.483556985855103,0,2
9.503745079040527,1,1
9.50643515586853,0,2
9.508005142211914,0,2
