Time,Dst,Type
0.0,0,3
9.059906005859375e-06,0,3
0.003587961196899414,0,4
0.008998870849609375,0,5
0.0272219181060791,0,6
0.028122901916503906,0,6
0.03055286407470703,0,6
0.03163886070251465,0,6
10.520254850387573,1,1
10.520267963409424,1,1
10.520274877548218,0,2
10.52128005027771,0,2
10.522603034973145,0,2
10.52371883392334,0,2
10.525245904922485,0,2
20.577332973480225,1,1
20.577358961105347,1,1
20.57736587524414,0,2
20.578716039657593,0,2
20.579633951187134,0,2
