Time,Dst,Type
0.0,0,3
0.0007798671722412109,0,3
0.004730939865112305,0,4
0.011277914047241211,0,5
0.025934934616088867,0,6
0.028200864791870117,0,6
0.029835939407348633,0,6
0.03336691856384277,0,6
10.528944969177246,0,2
10.52899694442749,0,2
10.52999997138977,0,2
10.530061960220337,0,2
10.531460046768188,0,2
20.57589888572693,1,1
20.57590889930725,1,1
20.575916051864624,0,2
20.57674789428711,0,2
20.577985048294067,0,2
20.578778982162476,0,2
20.578820943832397,0,2
20.58039093017578,0,2
