Time,Dst,Type
0.0,0,3
0.028795957565307617,0,6
0.031209945678710938,0,6
0.03311896324157715,0,6
0.034085988998413086,0,6
10.546478033065796,1,1
10.546509981155396,1,1
10.54651689529419,0,2
10.547845840454102,0,2
10.548831939697266,0,2
10.550067901611328,0,2
10.550108909606934,0,2
10.551312923431396,0,2
20.583632946014404,1,1
20.583677053451538,1,1
20.585808992385864,0,2
20.585824966430664,0,2
20.58766198158264,0,2
20.593227863311768,0,2
