Time,Dst,Type
0.0,0,1
8.106231689453125e-06,0,2
0.001135110855102539,0,2
0.0011391639709472656,0,2
0.0011401176452636719,0,3
0.002357959747314453,0,3
0.0041849613189697266,0,4
0.010722160339355469,0,5
0.025177001953125,0,6
0.027444124221801758,0,6
0.028541088104248047,0,6
0.030625104904174805,0,6
10.548418998718262,0,2
10.55029296875,0,2
10.550302028656006,0,2
10.568397045135498,0,2
10.5695321559906,0,2
10.570625066757202,0,2
