Time,Dst,Type
0.0,0,1
7.867813110351562e-06,0,2
0.0011780261993408203,0,2
0.0011830329895019531,0,2
0.0011849403381347656,0,3
0.0011858940124511719,0,3
0.0033538341522216797,0,4
0.00980997085571289,0,5
0.018230915069580078,0,6
0.020617008209228516,0,6
0.022444963455200195,0,6
0.024052858352661133,0,6
10.635370016098022,0,2
10.635375022888184,0,2
10.637428045272827,0,2
10.670405864715576,0,2
10.671665906906128,0,2
10.671670913696289,0,2
