Time,Dst,Type
0.0,0,1
2.1457672119140625e-06,0,2
0.0007750988006591797,0,2
0.0007841587066650391,0,2
0.0007860660552978516,0,3
0.0022211074829101562,0,3
0.0036211013793945312,0,4
0.010841131210327148,0,5
0.02231001853942871,0,6
0.02423715591430664,0,6
10.63915205001831,0,2
10.641067028045654,0,2
10.64107608795166,0,2
10.659480094909668,0,2
