Time,Dst,Type
0.0,0,1
0.0011248588562011719,0,2
0.0011289119720458984,0,2
0.002198934555053711,0,2
0.004214048385620117,0,3
0.00421595573425293,0,3
0.005375862121582031,0,4
0.023395061492919922,0,6
0.027922868728637695,0,6
0.03315591812133789,0,6
0.03545999526977539,0,6
10.610420942306519,0,2
10.612014055252075,0,2
10.612024068832397,0,2
10.630852937698364,0,2
10.632869005203247,0,2
