Time,Dst,Type
0.0,0,1
6.198883056640625e-06,0,2
0.0013501644134521484,0,2
0.0013551712036132812,0,2
0.0013570785522460938,0,3
0.0013580322265625,0,3
0.0037200450897216797,0,4
0.009948015213012695,0,5
0.02488398551940918,0,6
0.02660202980041504,0,6
0.027959108352661133,0,6
0.030422210693359375,0,6
10.641841173171997,0,2
10.644062042236328,0,2
