Time,Dst,Type
0.0,0,1
9.5367431640625e-07,0,2
0.0014908313751220703,0,2
0.0014989376068115234,0,3
0.001500844955444336,0,2
0.0026268959045410156,0,3
0.003986835479736328,0,4
0.010475873947143555,0,5
0.023183822631835938,0,6
0.025563955307006836,0,6
0.027077913284301758,0,6
0.029057979583740234,0,6
10.586699962615967,0,2
10.587831974029541,0,2
10.587835788726807,0,2
10.607399940490723,0,2
10.607998847961426,0,2
10.608004808425903,0,2
