Time,Dst,Type
0.0,0,2
0.042999982833862305,0,3
0.043029069900512695,0,3
0.04458189010620117,0,4
0.06616902351379395,0,6
0.06711602210998535,0,6
0.0691380500793457,0,6
0.07164287567138672,0,6
