Time,Dst,Type
0.0,0,2
0.003022909164428711,0,2
0.04588198661804199,0,3
0.05351090431213379,0,3
0.054585933685302734,0,4
0.060704946517944336,0,5
0.0784139633178711,0,6
0.08132696151733398,0,6
0.08236098289489746,0,6
0.08446288108825684,0,6
