Time,Dst,Type
0.0,0,2
2.8133392333984375e-05,0,2
0.0012052059173583984,0,2
0.04657101631164551,0,3
0.04658699035644531,0,4
0.05395913124084473,0,5
0.06946206092834473,0,6
0.07206320762634277,0,6
0.07422900199890137,0,6
