Time,Dst,Type
0.0,0,2
0.0011501312255859375,0,2
0.0011761188507080078,0,2
0.04332900047302246,0,3
0.043370962142944336,0,3
0.04451894760131836,0,4
0.05118608474731445,0,5
0.06621813774108887,0,6
0.06718707084655762,0,6
0.07035493850708008,0,6
0.07166910171508789,0,6
