Time,Dst,Type
0.0,0,2
0.04541897773742676,0,3
0.045439958572387695,0,3
0.046488046646118164,0,4
0.05261802673339844,0,5
0.06602787971496582,0,6
0.06896495819091797,0,6
0.07105088233947754,0,6
0.07433295249938965,0,6
