Time,Dst,Type
0.0,0,2
0.0012040138244628906,0,2
0.0012340545654296875,0,2
0.04497098922729492,0,3
0.044979095458984375,0,4
0.05233001708984375,0,5
0.06611895561218262,0,6
0.0671839714050293,0,6
0.06873917579650879,0,6
0.07086801528930664,0,6
