Time,Dst,Type
0.0,0,2
0.00261688232421875,0,2
0.0026450157165527344,0,2
0.0477449893951416,0,3
0.04777383804321289,0,3
0.04778099060058594,0,4
0.06918692588806152,0,6
0.07025885581970215,0,6
0.07428693771362305,0,6
0.07662200927734375,0,6
