Time,Dst,Type
0.0,0,2
1.9073486328125e-05,0,2
0.04663205146789551,0,4
0.047493934631347656,0,4
0.05524492263793945,0,5
0.07241392135620117,0,6
0.07367801666259766,0,6
0.07545804977416992,0,6
0.07698702812194824,0,6
