Time,Dst,Type
0.0,0,1
2.5987625122070312e-05,0,2
0.0008139610290527344,0,2
0.0008409023284912109,0,3
0.0008478164672851562,0,2
0.0008549690246582031,0,3
0.004055976867675781,0,4
0.01063084602355957,0,5
0.025293827056884766,0,6
0.03489995002746582,0,6
0.03664803504943848,0,6
0.03943991661071777,0,6
0.4054868221282959,0,2
0.4067649841308594,0,2
1.6899819374084473,0,2
1.6907668113708496,0,2
11.752326965332031,0,2
11.753347873687744,0,2
11.753353834152222,0,2
