Time,Dst,Type
0.0,0,1
2.4080276489257812e-05,0,2
0.0012090206146240234,0,2
0.0012340545654296875,0,3
0.0012400150299072266,0,2
0.0012450218200683594,0,3
0.005079030990600586,0,4
0.01175689697265625,0,5
0.03697395324707031,0,6
0.04033493995666504,0,6
0.042079925537109375,0,6
0.04460597038269043,0,6
0.4359130859375,0,2
0.4367520809173584,0,2
1.3541231155395508,0,2
1.3550910949707031,0,2
1.3561420440673828,0,2
11.40435791015625,0,2
11.40438199043274,0,2
