Time,Dst,Type
0.0,0,1
2.193450927734375e-05,0,2
0.00138092041015625,0,2
0.0014040470123291016,0,3
0.0014100074768066406,0,2
0.004853010177612305,0,4
0.01114797592163086,0,5
0.02035808563232422,0,6
0.03645491600036621,0,6
0.03781604766845703,0,6
0.04106593132019043,0,6
1.6733109951019287,0,2
1.674527883529663,0,2
