Time,Dst,Type
0.0,0,1
2.288818359375e-05,0,2
0.0014538764953613281,0,2
0.001477956771850586,0,3
0.001483917236328125,0,2
0.0023169517517089844,0,3
0.003715038299560547,0,4
0.010977029800415039,0,5
0.032737016677856445,0,6
0.03609895706176758,0,6
0.05813002586364746,0,6
0.06162405014038086,0,6
0.40514397621154785,0,2
0.4060208797454834,0,2
0.40605998039245605,0,2
1.6408860683441162,0,2
1.641784906387329,0,2
11.69005799293518,0,2
11.691565990447998,0,2
