Time,Dst,Type
0.0,0,1
0.010185956954956055,0,3
0.010214090347290039,0,3
0.010220050811767578,0,3
0.011152029037475586,0,3
0.011181116104125977,0,3
0.012438058853149414,0,3
0.014595985412597656,0,3
0.01705193519592285,0,4
0.0438990592956543,0,6
0.045686960220336914,0,6
