Time,Dst,Type
0.0,0,1
1.811981201171875e-05,0,2
0.0011639595031738281,0,2
0.0011820793151855469,0,2
0.004791975021362305,0,3
0.0048100948333740234,0,3
0.00783395767211914,0,4
0.014023065567016602,0,5
0.026437997817993164,0,6
0.06929302215576172,0,6
0.07092905044555664,0,6
0.07629513740539551,0,6
12.377620935440063,1,1
12.377632141113281,0,2
12.379020929336548,0,2
12.380020141601562,0,2
22.31523299217224,1,1
22.31526803970337,0,2
22.316671133041382,0,2
22.31670904159546,0,2
