Time,Dst,Type
0.0,0,1
0.0009930133819580078,0,2
0.0022590160369873047,0,2
0.0022878646850585938,0,2
0.0045928955078125,0,3
0.004621028900146484,0,3
0.00701594352722168,0,4
0.013186931610107422,0,5
0.0195620059967041,0,6
0.05081796646118164,0,6
0.05319690704345703,0,6
0.06182599067687988,0,6
12.37362790107727,1,1
12.378066062927246,0,2
12.378090858459473,0,2
12.378944873809814,0,2
