Time,Dst,Type
0.0,0,3
2.288818359375e-05,0,3
0.0023469924926757812,0,4
0.008858919143676758,0,5
0.016666889190673828,0,6
0.019398927688598633,0,6
0.020973920822143555,0,6
0.022861003875732422,0,6
