Time,Dst,Type
0.0,0,3
2.9802322387695312e-05,0,3
0.00243377685546875,0,4
0.008702993392944336,0,5
0.021708011627197266,0,6
0.027256011962890625,0,6
0.028621912002563477,0,6
0.028654813766479492,0,6
3.734794855117798,1,1
3.734822988510132,0,2
3.7358288764953613,0,2
3.7373578548431396,0,2
3.7593398094177246,1,1
3.759361982345581,0,2
3.7604598999023438,0,2
3.7604799270629883,0,2
