Time,Dst,Type
0.0,0,3
2.4080276489257812e-05,0,3
0.0023870468139648438,0,4
0.008881092071533203,0,5
0.015082120895385742,0,6
0.017950057983398438,0,6
0.01920795440673828,0,6
0.02075505256652832,0,6
3.83219313621521,1,1
3.854004144668579,1,1
3.854022979736328,0,2
3.854928970336914,0,2
3.85617995262146,0,2
