Time,Dst,Type
0.0,0,3
8.106231689453125e-06,0,3
0.002665996551513672,0,4
0.009421110153198242,0,5
0.022042036056518555,0,6
0.02453899383544922,0,6
0.025892019271850586,0,6
0.028712987899780273,0,6
0.028753042221069336,0,6
6.837985992431641,1,1
6.859924077987671,1,1
6.859954118728638,0,2
6.861207008361816,0,2
6.862129211425781,0,2
