Time,Dst,Type
0.0,0,3
3.0040740966796875e-05,0,3
0.0026280879974365234,0,4
0.008507966995239258,0,5
0.01681208610534668,0,6
0.019567012786865234,0,6
0.021287918090820312,0,6
0.022624969482421875,0,6
6.866554021835327,1,1
6.891587972640991,1,1
6.891618013381958,0,2
6.892431974411011,0,2
16.71430492401123,1,1
16.714334964752197,0,2
16.715131998062134,0,2
16.715158939361572,0,2
16.739537000656128,1,1
