Time,Dst,Type
0.0,0,4
0.025053977966308594,0,6
0.02631092071533203,0,6
3.9753799438476562,1,1
3.9764199256896973,0,2
3.978382110595703,0,2
3.998210906982422,1,1
3.998244047164917,0,2
3.999155044555664,0,2
3.999176025390625,0,2
