Time,Dst,Type
0.0,0,3
2.9087066650390625e-05,0,3
0.003072023391723633,0,4
0.009304046630859375,0,5
0.0165860652923584,0,6
0.018735170364379883,0,6
0.020397186279296875,0,6
0.021663188934326172,0,6
3.926586151123047,1,1
3.926619052886963,0,2
3.927428960800171,0,2
3.9288041591644287,0,2
3.949458122253418,1,1
