Time,Dst,Type
0.0,0,3
3.0040740966796875e-05,0,3
0.003156900405883789,0,4
0.009655952453613281,0,5
0.02394890785217285,0,6
0.026738882064819336,0,6
0.028661012649536133,0,6
0.029927968978881836,0,6
3.830595016479492,1,1
3.830626964569092,0,2
3.831840991973877,0,2
3.8531079292297363,1,1
3.853142023086548,0,2
3.8542208671569824,0,2
3.85534405708313,0,2
