Time,Dst,Type
0.0,0,1
2.5987625122070312e-05,0,2
0.0008289813995361328,0,2
0.0008549690246582031,0,2
0.0038318634033203125,0,3
0.0038590431213378906,0,3
0.00740504264831543,0,4
0.014312982559204102,0,5
0.016804933547973633,0,6
0.02736687660217285,0,6
0.028331995010375977,0,6
0.03490900993347168,0,6
