Time,Dst,Type
0.0,0,3
2.7894973754882812e-05,0,3
0.0028579235076904297,0,4
0.009430885314941406,0,5
0.02221393585205078,0,6
0.024269819259643555,0,6
0.02573084831237793,0,6
0.0278167724609375,0,6
10.510396003723145,1,1
10.510400772094727,1,1
10.513011932373047,0,2
10.513016939163208,0,2
10.514557838439941,0,2
20.54016399383545,1,1
20.540175914764404,1,1
20.54132890701294,0,2
20.542410850524902,0,2
20.542441844940186,0,2
20.543582916259766,0,2
20.543612957000732,0,2
