Time,Dst,Type
0.0,0,3
0.0012679100036621094,0,3
0.004945993423461914,0,4
0.011277914047241211,0,5
0.015485048294067383,0,6
0.01890707015991211,0,6
0.02090311050415039,0,6
0.023122072219848633,0,6
10.508398056030273,1,1
10.50841999053955,1,1
10.508429050445557,0,2
10.509735107421875,0,2
10.510792016983032,0,2
10.511882066726685,0,2
20.533654928207397,1,1
20.533693075180054,1,1
20.535475969314575,0,2
20.536855936050415,0,2
20.536879062652588,0,2
20.539052963256836,0,2
