Time,Dst,Type
0.0,0,3
2.6941299438476562e-05,0,3
0.0034759044647216797,0,4
0.009672880172729492,0,5
0.01827692985534668,0,6
0.02030181884765625,0,6
0.0225369930267334,0,6
10.544736862182617,1,1
10.545813798904419,0,2
10.546942949295044,0,2
20.584937810897827,0,2
20.585816860198975,0,2
20.58583688735962,0,2
30.620560884475708,1,1
30.620580911636353,1,1
30.62058687210083,0,2
30.62151002883911,0,2
30.62271499633789,0,2
30.62364888191223,0,2
30.623677968978882,0,2
30.62468194961548,0,2
