Time,Dst,Type
0.0,0,3
2.8133392333984375e-05,0,3
0.003283977508544922,0,4
0.011268138885498047,0,5
0.017508983612060547,0,6
0.021378040313720703,0,6
0.023463964462280273,0,6
10.525404930114746,0,2
10.526291131973267,0,2
10.526330947875977,0,2
10.52765703201294,0,2
10.527684926986694,0,2
20.578684091567993,1,1
20.578711986541748,1,1
20.578717947006226,0,2
20.579957962036133,0,2
20.579992055892944,0,2
20.58094811439514,0,2
20.582448959350586,0,2
20.582458019256592,0,2
