Time,Dst,Type
0.0,0,3
2.288818359375e-05,0,3
0.002546072006225586,0,4
0.009271860122680664,0,5
0.021890878677368164,0,6
0.033470869064331055,0,6
0.03491687774658203,0,6
0.03497600555419922,0,6
0.03723597526550293,0,6
0.037294864654541016,0,6
0.03841686248779297,0,6
12.682560920715332,1,1
12.683682918548584,1,1
12.68515396118164,0,2
12.68519902229309,0,2
12.687358856201172,0,2
12.687367916107178,0,2
