Time,Dst,Type
0.0,0,3
1.8835067749023438e-05,0,3
0.002591848373413086,0,4
0.008439779281616211,0,5
0.014495849609375,0,6
0.016940832138061523,0,6
0.02182483673095703,0,6
0.023097991943359375,0,6
0.02409195899963379,0,6
12.392236948013306,1,1
12.392270803451538,1,1
12.392277956008911,0,2
12.393229961395264,0,2
12.394621849060059,0,2
12.394652843475342,0,2
12.395618915557861,0,2
12.395649909973145,0,2
