Time,Dst,Type
0.0,0,3
0.23154902458190918,0,4
0.2507350444793701,0,5
0.26986002922058105,0,6
0.27208995819091797,0,6
0.2766449451446533,0,6
12.658943891525269,1,1
12.658961057662964,1,1
12.660181999206543,0,2
12.660215854644775,0,2
12.66132402420044,0,2
