Time,Dst,Type
0.0,0,3
0.12991905212402344,0,3
0.14303898811340332,0,4
0.15275216102600098,0,5
0.15438604354858398,0,5
0.22389817237854004,0,6
0.22700119018554688,0,6
0.23175597190856934,0,6
0.23514699935913086,0,6
12.61264419555664,1,1
12.612656116485596,1,1
12.614026069641113,0,2
12.615329027175903,0,2
12.616432189941406,0,2
12.616451978683472,0,2
