Time,Dst,Type
0.0,0,3
0.028881072998046875,0,3
0.042452096939086914,0,4
0.09755301475524902,0,6
0.10357999801635742,0,6
0.10557913780212402,0,6
0.10761594772338867,0,6
12.665823936462402,1,1
12.66585898399353,1,1
12.66790509223938,0,2
12.66930103302002,0,2
12.669331073760986,0,2
12.670518159866333,0,2
21.501866102218628,1,1
21.501878023147583,1,1
