Time,Dst,Type
0.0,0,3
0.026693105697631836,0,3
0.0399022102355957,0,4
0.05102801322937012,0,5
0.07681918144226074,0,6
0.08112502098083496,0,6
0.0836632251739502,0,6
12.380306005477905,1,1
12.381262063980103,0,2
12.382623195648193,0,2
12.382641077041626,0,2
21.557387113571167,1,1
21.557409048080444,1,1
21.560038089752197,0,2
21.561021089553833,0,2
21.561050176620483,0,2
21.56244421005249,0,2
