Time,Dst,Type
0.0,0,4
0.007683992385864258,0,5
0.028120040893554688,0,6
0.03902101516723633,0,6
0.040743112564086914,0,6
0.04080820083618164,0,6
12.602666139602661,1,1
12.603730201721191,1,1
12.603761196136475,0,2
12.603771209716797,0,2
12.606950044631958,0,2
12.607984066009521,0,2
12.610048055648804,0,2
21.686967134475708,1,1
21.68698000907898,1,1
21.688138008117676,0,2
21.688175201416016,0,2
21.68893814086914,0,2
21.69045615196228,0,2
