Time,Dst,Type
0.0,0,3
3.0040740966796875e-05,0,3
0.0010199546813964844,0,4
0.023092985153198242,0,6
0.03501009941101074,0,6
0.03697013854980469,0,6
0.03816509246826172,0,6
12.35520315170288,1,1
12.355216026306152,1,1
12.356120109558105,0,2
12.358803033828735,0,2
12.35883617401123,0,2
