Time,Dst,Type
0.0,0,1
6.9141387939453125e-06,0,2
0.0011479854583740234,0,3
0.0011980533599853516,0,2
0.002299070358276367,0,2
0.0023250579833984375,0,3
0.0048639774322509766,0,4
0.011302947998046875,0,5
0.02074909210205078,0,6
0.033206939697265625,0,6
0.03545212745666504,0,6
0.03941202163696289,0,6
5.80105996131897,1,1
5.801068067550659,0,2
5.802134990692139,0,2
5.803138017654419,0,2
5.821285963058472,1,1
5.8212950229644775,0,2
5.82231593132019,0,2
5.822319984436035,0,2
