Time,Dst,Type
0.0,0,1
2.7179718017578125e-05,0,2
0.0008051395416259766,0,2
0.0008330345153808594,0,2
0.0008399486541748047,0,3
0.0020949840545654297,0,3
0.004116058349609375,0,4
0.01029515266418457,0,5
0.017354965209960938,0,6
0.02176809310913086,0,6
0.02307415008544922,0,6
0.026232004165649414,0,6
5.802420139312744,1,1
5.802454948425293,0,2
5.803642988204956,0,2
5.80528712272644,0,2
