Time,Dst,Type
0.0,0,1
3.0994415283203125e-05,0,2
0.0011749267578125,0,2
0.0012059211730957031,0,2
0.002499818801879883,0,3
0.002507925033569336,0,3
0.011720895767211914,0,5
0.02156686782836914,0,6
0.030968904495239258,0,6
0.03227996826171875,0,6
0.03602290153503418,0,6
