Time,Dst,Type
0.0,0,1
2.6941299438476562e-05,0,2
0.0009160041809082031,0,2
0.0009438991546630859,0,3
0.0009520053863525391,0,2
0.0020780563354492188,0,3
0.00391387939453125,0,4
0.010643959045410156,0,5
0.02776503562927246,0,6
0.03190898895263672,0,6
0.03329801559448242,0,6
5.7211198806762695,1,1
5.721153974533081,0,2
5.721958875656128,0,2
5.72340202331543,0,2
5.741253852844238,1,1
5.741288900375366,0,2
5.742774963378906,0,2
