Time,Dst,Type
0.0,0,1
0.0012230873107910156,0,2
0.0012500286102294922,0,2
0.002187967300415039,0,2
0.0070760250091552734,0,3
0.0070841312408447266,0,3
0.009450912475585938,0,4
0.016283035278320312,0,5
0.03024005889892578,0,6
0.033590078353881836,0,6
0.03629612922668457,0,6
0.041201114654541016,0,6
5.727055072784424,1,1
5.7270660400390625,0,2
5.72857403755188,0,2
5.7295379638671875,0,2
5.7472429275512695,1,1
5.747276067733765,0,2
5.749146938323975,0,2
5.749179124832153,0,2
