Time,Dst,Type
0.0,0,1
0.0012929439544677734,0,2
0.001322031021118164,0,2
0.0022749900817871094,0,2
0.003567934036254883,0,3
0.003593921661376953,0,3
0.006175041198730469,0,4
0.013020992279052734,0,5
0.028425931930541992,0,6
0.032507896423339844,0,6
0.033830881118774414,0,6
0.037715911865234375,0,6
