Time,Dst,Type
0.0,0,1
2.6941299438476562e-05,0,2
0.00109100341796875,0,2
0.001116037368774414,0,2
0.0024831295013427734,0,3
0.0025091171264648438,0,3
0.005280017852783203,0,4
0.012150049209594727,0,5
0.02050495147705078,0,6
0.02496504783630371,0,6
0.026630163192749023,0,6
0.02909111976623535,0,6
5.748648166656494,1,1
5.74869704246521,0,2
5.74963903427124,0,2
5.751151084899902,0,2
5.7689361572265625,1,1
