Time,Dst,Type
0.0,0,1
2.7894973754882812e-05,0,2
0.0010759830474853516,0,2
0.0011038780212402344,0,2
0.0022280216217041016,0,3
0.0022449493408203125,0,3
0.005357980728149414,0,4
0.01116800308227539,0,5
0.018169879913330078,0,6
0.026915788650512695,0,6
0.02858901023864746,0,6
0.033049821853637695,0,6
5.772125959396362,1,1
5.772161960601807,0,2
5.77295184135437,0,2
5.77298378944397,0,2
5.792121887207031,1,1
5.792156934738159,0,2
5.793457984924316,0,2
5.793492794036865,0,2
