Time,Dst,Type
0.0,0,1
2.5987625122070312e-05,0,2
0.000993967056274414,0,2
0.0010199546813964844,0,2
0.0025818347930908203,0,3
0.0026078224182128906,0,3
0.005169868469238281,0,4
0.01160883903503418,0,5
0.0156400203704834,0,6
0.030099868774414062,0,6
0.031787872314453125,0,6
0.03597593307495117,0,6
5.75471305847168,1,1
5.754722833633423,0,2
5.756057977676392,0,2
5.75730299949646,0,2
5.774723052978516,1,1
5.7747578620910645,0,2
5.775914907455444,0,2
5.7767698764801025,0,2
