Time,Dst,Type
0.0,0,1
0.0027692317962646484,0,2
0.00403904914855957,0,2
0.0040700435638427734,0,2
0.014021158218383789,0,3
0.023336172103881836,0,4
0.023365020751953125,0,4
0.024361133575439453,0,4
0.07121801376342773,0,6
0.0722191333770752,0,6
0.475330114364624,0,2
0.47536206245422363,0,2
