Time,Dst,Type
0.0,0,1
0.0012600421905517578,0,2
0.001293182373046875,0,2
0.011925220489501953,0,3
0.011967182159423828,0,3
0.014806032180786133,0,4
0.02240610122680664,0,5
0.0356440544128418,0,6
0.04140114784240723,0,6
0.042948007583618164,0,6
0.04615616798400879,0,6
0.4428110122680664,1,1
0.4437711238861084,0,2
0.4438011646270752,0,2
0.44530200958251953,0,2
