Time,Dst,Type
0.0,0,1
0.0014040470123291016,0,2
0.001425027847290039,0,2
0.0025870800018310547,0,2
0.012659072875976562,0,3
0.012681961059570312,0,3
0.015496015548706055,0,4
0.0218660831451416,0,5
0.02873706817626953,0,6
0.03331899642944336,0,6
0.4838111400604248,1,1
0.4838271141052246,0,2
0.48560214042663574,0,2
0.4856269359588623,0,2
