Time,Dst,Type
0.0,0,2
3.0040740966796875e-05,0,2
0.0014750957489013672,0,2
0.012194156646728516,0,3
0.01609015464782715,0,4
0.022532939910888672,0,5
0.04419994354248047,0,6
0.04421114921569824,0,6
0.04758715629577637,0,6
0.04888200759887695,0,6
0.052555084228515625,0,6
0.4075450897216797,1,1
