Time,Dst,Type
0.0,0,1
0.012310981750488281,0,3
0.01233983039855957,0,3
0.015149831771850586,0,4
0.03820490837097168,0,6
0.04030489921569824,0,6
0.04311084747314453,0,6
0.04847884178161621,0,6
0.552081823348999,1,1
0.5533888339996338,0,2
0.5534179210662842,0,2
0.5551300048828125,0,2
