Time,Dst,Type
0.0,0,1
3.0994415283203125e-05,0,2
0.0010509490966796875,0,2
0.0010831356048583984,0,2
0.012146949768066406,0,3
0.012166976928710938,0,3
0.016012907028198242,0,4
0.03267812728881836,0,6
0.03516793251037598,0,6
0.42131710052490234,0,2
0.42289113998413086,0,2
