Time,Dst,Type
0.0,0,1
2.5987625122070312e-05,0,2
0.0016629695892333984,0,2
0.0016939640045166016,0,2
0.01243901252746582,0,3
0.012457847595214844,0,3
0.02420186996459961,0,5
0.03720903396606445,0,6
0.0394129753112793,0,6
0.04326987266540527,0,6
0.39126086235046387,1,1
0.39272093772888184,0,2
0.39365506172180176,0,2
