Time,Dst,Type
0.0,0,2
3.1948089599609375e-05,0,2
0.00978708267211914,0,3
0.009809017181396484,0,3
0.013141155242919922,0,4
0.020008087158203125,0,5
0.031356096267700195,0,6
0.032083988189697266,0,6
0.03545808792114258,0,6
0.4121570587158203,1,1
0.4183051586151123,0,2
0.4197559356689453,0,2
