Time,Dst,Type
0.0,0,2
0.0012481212615966797,0,2
0.0012760162353515625,0,2
0.01146697998046875,0,3
0.014478921890258789,0,4
0.02199411392211914,0,5
0.04398512840270996,0,6
0.04657602310180664,0,6
0.4638190269470215,1,1
0.4697909355163574,0,2
0.4698209762573242,0,2
