Time,Dst,Type
0.0,0,1
8.821487426757812e-06,0,2
0.0011339187622070312,0,2
0.0011429786682128906,0,2
0.002271890640258789,0,3
0.0022809505462646484,0,3
0.005120038986206055,0,4
0.011374950408935547,0,5
0.029393911361694336,0,6
0.03313088417053223,0,6
0.0389559268951416,0,6
