Time,Dst,Type
0.0,0,1
0.0012438297271728516,0,2
0.001252889633178711,0,2
0.002296924591064453,0,2
0.003390789031982422,0,3
0.0033998489379882812,0,3
0.005867958068847656,0,4
0.012292861938476562,0,5
0.02920699119567871,0,6
0.031831979751586914,0,6
0.03361201286315918,0,6
0.03737187385559082,0,6
