Time,Dst,Type
0.0,0,1
0.0018379688262939453,0,2
0.0018470287322998047,0,2
0.0029850006103515625,0,3
0.0029900074005126953,0,3
0.0047190189361572266,0,4
0.012692928314208984,0,5
0.015977144241333008,0,6
0.0258791446685791,0,6
0.027055978775024414,0,6
0.03326606750488281,0,6
