Time,Dst,Type
0.0,0,1
5.0067901611328125e-06,0,2
0.0011799335479736328,0,2
0.0028290748596191406,0,3
0.003531932830810547,0,3
0.005888938903808594,0,4
0.012402057647705078,0,5
0.016681909561157227,0,6
0.027117013931274414,0,6
0.029132843017578125,0,6
0.03301596641540527,0,6
5.773015022277832,0,2
5.774734973907471,0,2
