Time,Dst,Type
0.0,0,1
9.059906005859375e-06,0,2
0.0010230541229248047,0,2
0.0010330677032470703,0,2
0.003020048141479492,0,3
0.0030291080474853516,0,3
0.00531315803527832,0,4
0.011988162994384766,0,5
0.026076078414916992,0,6
0.03032207489013672,0,6
0.031545162200927734,0,6
0.03545808792114258,0,6
