Time,Dst,Type
0.0,0,1
9.059906005859375e-06,0,2
0.0010509490966796875,0,2
0.0021820068359375,0,2
0.0021910667419433594,0,3
0.002192974090576172,0,3
0.0045850276947021484,0,4
0.01312398910522461,0,5
0.014991998672485352,0,6
0.029707908630371094,0,6
