Time,Dst,Type
0.0,0,1
0.0012428760528564453,0,2
0.0021958351135253906,0,2
0.0021979808807373047,0,3
0.0035669803619384766,0,3
0.005978822708129883,0,4
0.013255834579467773,0,5
0.031552791595458984,0,6
0.033429861068725586,0,6
