Time,Dst,Type
0.0,0,1
6.9141387939453125e-06,0,2
0.0011448860168457031,0,2
0.0011489391326904297,0,2
0.003042936325073242,0,3
0.003047943115234375,0,3
0.0030488967895507812,0,3
0.004130840301513672,0,3
0.0041348934173583984,0,3
0.004135847091674805,0,3
0.00514984130859375,0,3
0.005154848098754883,0,3
0.008915901184082031,0,4
0.015769004821777344,0,5
0.036630868911743164,0,6
0.04168391227722168,0,6
0.04366803169250488,0,6
0.045722007751464844,0,6
