Time,Dst,Type
0.0,0,1
6.9141387939453125e-06,0,2
9.059906005859375e-06,0,3
0.0012140274047851562,0,2
0.0012519359588623047,0,2
0.001252889633178711,0,3
0.004333019256591797,0,4
0.0043408870697021484,0,4
0.011113882064819336,0,5
0.01764988899230957,0,6
0.025845050811767578,0,6
0.026993989944458008,0,6
0.03264498710632324,0,6
