Time,Dst,Type
0.0,0,1
2.6941299438476562e-05,0,2
0.0008490085601806641,0,2
0.0008780956268310547,0,3
0.0008900165557861328,0,2
0.0009000301361083984,0,4
0.007972955703735352,0,5
0.015674114227294922,0,6
0.017698049545288086,0,6
0.017754077911376953,0,6
0.01779007911682129,0,6
0.018934965133666992,0,6
0.02245306968688965,0,6
0.023766040802001953,0,6
0.02511000633239746,0,6
0.025136947631835938,0,6
