Time,Dst,Type
0.0,0,1
0.0014998912811279297,0,2
0.001508951187133789,0,2
0.0027379989624023438,0,2
0.009124040603637695,0,3
0.009132862091064453,0,3
0.012539863586425781,0,4
0.018658876419067383,0,5
0.02786087989807129,0,6
0.0785989761352539,0,6
0.08082294464111328,0,6
0.08673501014709473,0,6
