Time,Dst,Type
0.0,0,1
9.059906005859375e-06,0,2
0.0010080337524414062,0,2
0.0010161399841308594,0,2
0.00782918930053711,0,3
0.010809183120727539,0,4
0.018049001693725586,0,5
0.025988101959228516,0,6
0.10279011726379395,0,6
0.10484910011291504,0,6
0.10805106163024902,0,6
