Time,Dst,Type
0.0,0,1
9.059906005859375e-06,0,2
0.001085042953491211,0,2
0.0010941028594970703,0,2
0.007905006408691406,0,3
0.007914066314697266,0,3
0.011666059494018555,0,4
0.02426600456237793,0,6
0.08188605308532715,0,6
0.08357405662536621,0,6
0.08906006813049316,0,6
10.675242900848389,0,2
10.676293134689331,0,2
10.693633079528809,0,2
10.69491195678711,0,2
10.694921970367432,0,2
