Time,Dst,Type
0.0,0,1
9.059906005859375e-06,0,2
0.0010781288146972656,0,2
0.0010869503021240234,0,2
0.008726119995117188,0,3
0.00875091552734375,0,3
0.01575303077697754,0,4
0.021758079528808594,0,5
0.03763008117675781,0,6
0.04814505577087402,0,6
0.05170392990112305,0,6
0.05171394348144531,0,6
0.0840919017791748,0,6
10.670145034790039,0,2
10.671473979949951,0,2
10.67273998260498,0,2
10.690964937210083,0,2
10.691899061203003,0,2
10.691904067993164,0,2
