Time,Dst,Type
0.0,0,1
3.0040740966796875e-05,0,2
0.001352071762084961,0,2
0.0013821125030517578,0,3
0.0013899803161621094,0,2
0.0023360252380371094,0,3
0.0034379959106445312,0,4
0.010844945907592773,0,5
0.030952930450439453,0,6
0.032347917556762695,0,6
0.03678107261657715,0,6
0.4566829204559326,1,1
0.4566988945007324,0,2
0.4578080177307129,0,2
0.4578220844268799,0,2
1.3383290767669678,1,1
1.3447120189666748,0,2
1.3447210788726807,0,2
1.3458869457244873,0,2
