Time,Dst,Type
0.0,0,1
0.0009629726409912109,0,2
0.0022118091583251953,0,2
0.0022330284118652344,0,3
0.0022439956665039062,0,2
0.003278970718383789,0,3
0.0049228668212890625,0,4
0.011770963668823242,0,5
0.026664018630981445,0,6
0.03157496452331543,0,6
0.03350186347961426,0,6
0.036489009857177734,0,6
0.348369836807251,1,1
0.34839797019958496,0,2
0.3493998050689697,0,2
0.3508188724517822,0,2
1.4222369194030762,1,1
1.42225980758667,0,2
1.4232399463653564,0,2
1.4232618808746338,0,2
