Time,Dst,Type
0.0,0,1
0.0006468296051025391,0,2
0.0006639957427978516,0,3
0.0006680488586425781,0,2
0.003209829330444336,0,2
0.003226041793823242,0,3
0.004639863967895508,0,4
0.011571884155273438,0,5
0.014840841293334961,0,6
0.030833959579467773,0,6
0.03214001655578613,0,6
0.03556394577026367,0,6
0.4159529209136963,1,1
0.4159870147705078,0,2
0.41689205169677734,0,2
0.4169180393218994,0,2
