Time,Dst,Type
0.0,0,1
2.8133392333984375e-05,0,1
3.600120544433594e-05,0,2
0.0009810924530029297,0,2
0.07462096214294434,0,3
0.07465291023254395,0,3
0.07749104499816895,0,4
0.08478593826293945,0,5
0.10100698471069336,0,6
0.10343313217163086,0,6
0.1059560775756836,0,6
0.10842108726501465,0,6
9.42548394203186,0,2
9.42549991607666,0,2
9.427012920379639,0,2
12.210708141326904,1,1
12.21178412437439,0,2
12.225378036499023,1,1
12.225400924682617,0,2
12.22641897201538,0,2
12.226449012756348,0,2
