Time,Dst,Type
0.0,0,1
3.0994415283203125e-05,0,2
0.0008440017700195312,0,2
0.0008759498596191406,0,2
0.07450294494628906,0,3
0.07453393936157227,0,3
0.07836484909057617,0,4
0.08505797386169434,0,5
0.09588289260864258,0,6
0.09861898422241211,0,6
0.10020589828491211,0,6
0.10321998596191406,0,6
9.383360862731934,1,1
9.397238969802856,1,1
9.398399829864502,0,2
9.398438930511475,0,2
9.399394989013672,0,2
12.294859886169434,1,1
12.294891834259033,0,2
12.296058893203735,0,2
