Time,Dst,Type
0.0,0,2
3.0994415283203125e-05,0,2
0.0010290145874023438,0,2
0.07334303855895996,0,3
0.07436108589172363,0,3
0.07815098762512207,0,4
0.08485007286071777,0,5
0.09542608261108398,0,6
0.09812211990356445,0,6
0.09992504119873047,0,6
9.403253078460693,1,1
9.403280019760132,0,2
9.405256032943726,0,2
12.299744129180908,1,1
12.313290119171143,1,1
12.316898107528687,0,2
12.318199157714844,0,2
12.319293975830078,0,2
12.319324016571045,0,2
12.320358037948608,0,2
