Time,Dst,Type
0.0,0,1
0.0010449886322021484,0,2
0.001085042953491211,0,2
0.0020880699157714844,0,2
0.07419013977050781,0,3
0.07520604133605957,0,3
0.07953405380249023,0,4
0.09569907188415527,0,6
0.09724998474121094,0,6
0.09990715980529785,0,6
9.467435121536255,1,1
9.467447996139526,0,2
9.470239162445068,0,2
12.556395053863525,1,1
12.55641794204712,0,2
12.557945013046265,0,2
12.557976007461548,0,2
12.570054054260254,1,1
12.571287155151367,0,2
12.57131814956665,0,2
12.572253942489624,0,2
