Time,Dst,Type
0.0,0,2
0.0010590553283691406,0,2
0.07450008392333984,0,3
0.07913684844970703,0,4
0.08081698417663574,0,4
0.08826589584350586,0,5
0.09352493286132812,0,6
0.09610795974731445,0,6
0.09724998474121094,0,6
0.09729790687561035,0,6
0.09989404678344727,0,6
0.10103487968444824,0,6
9.493421077728271,1,1
9.494978904724121,0,2
9.496419906616211,0,2
12.309864044189453,1,1
