Time,Dst,Type
0.0,0,1
3.0040740966796875e-05,0,2
0.0011620521545410156,0,2
0.0012009143829345703,0,2
0.07411003112792969,0,3
0.07411909103393555,0,3
0.08519291877746582,0,5
0.09706902503967285,0,6
0.09972691535949707,0,6
9.297380924224854,0,2
9.298907995223999,0,2
9.298939943313599,0,2
12.318084001541138,1,1
12.318948030471802,0,2
12.318973064422607,0,2
12.320250034332275,0,2
12.331746101379395,1,1
12.332710027694702,0,2
12.334074974060059,0,2
