Time,Dst,Type
0.0,0,3
1.0967254638671875e-05,0,3
0.007657051086425781,0,4
0.014096975326538086,0,5
0.04414105415344238,0,6
0.04593205451965332,0,6
0.05024290084838867,0,6
