Time,Dst,Type
0.0,0,4
0.0065457820892333984,0,5
0.030067920684814453,0,6
0.034863948822021484,0,6
6.580307960510254,0,2
6.580331802368164,0,2
6.581604957580566,0,2
6.6014509201049805,1,1
6.60148286819458,0,2
6.602752923965454,0,2
14.169126987457275,1,1
14.169157981872559,0,2
14.169869899749756,0,2
14.17137885093689,0,2
14.193863868713379,1,1
14.193895816802979,0,2
14.19474482536316,0,2
14.194785833358765,0,2
