Time,Dst,Type
0.0,0,3
0.0011010169982910156,0,3
0.005532026290893555,0,4
0.011586904525756836,0,5
0.02428889274597168,0,6
0.029733896255493164,0,6
0.03446698188781738,0,6
