Time,Dst,Type
0.0,0,3
2.5033950805664062e-05,0,3
0.011367082595825195,0,5
0.03163719177246094,0,6
0.03582310676574707,0,6
0.0403749942779541,0,6
6.575489044189453,0,2
6.604065179824829,0,2
