Time,Dst,Type
0.0,0,3
8.106231689453125e-06,0,3
0.0030450820922851562,0,4
0.009776115417480469,0,5
0.016119956970214844,0,6
0.04249405860900879,0,6
6.48650598526001,1,1
6.488945007324219,0,2
6.488976955413818,0,2
6.5086939334869385,1,1
6.50872015953064,0,2
6.511003017425537,0,2
