Time,Dst,Type
0.0,0,3
0.0016770362854003906,0,3
0.010212898254394531,0,5
0.021951913833618164,0,6
0.04210996627807617,0,6
0.04438495635986328,0,6
0.0489349365234375,0,6
