Time,Dst,Type
0.0,0,3
0.012824058532714844,0,5
0.02878713607788086,0,6
0.03401303291320801,0,6
0.037957191467285156,0,6
4.485246181488037,1,1
4.487742185592651,0,2
4.5108442306518555,1,1
4.510878086090088,0,2
4.511831045150757,0,2
4.512738227844238,0,2
