Time,Dst,Type
0.0,0,3
3.504753112792969e-05,0,3
0.003100156784057617,0,4
0.010184049606323242,0,5
0.03345608711242676,0,6
0.03682208061218262,0,6
6.413806200027466,1,1
6.413846015930176,0,2
6.4147629737854,0,2
6.416115045547485,0,2
6.436204195022583,1,1
6.437381029129028,0,2
6.437391042709351,0,2
