Time,Dst,Type
0.0,0,3
0.0044519901275634766,0,4
0.022143125534057617,0,6
0.026799917221069336,0,6
0.0443120002746582,0,6
0.055004119873046875,0,6
0.05785393714904785,0,6
