Time,Dst,Type
0.0,0,2
0.0013260841369628906,0,3
0.0027909278869628906,0,3
0.0027971267700195312,0,3
0.003720998764038086,0,2
0.0037391185760498047,0,3
0.006578922271728516,0,4
0.012429952621459961,0,5
0.020949125289916992,0,6
0.041528940200805664,0,6
0.043879032135009766,0,6
0.046807050704956055,0,6
9.772295951843262,1,1
9.772316932678223,1,1
9.77375602722168,1,1
9.77500605583191,0,2
