Time,Dst,Type
0.0,0,1
0.00837397575378418,0,3
0.009406089782714844,0,3
0.010499954223632812,0,2
0.011862993240356445,0,2
0.021359920501708984,0,5
0.045350074768066406,0,6
0.0498199462890625,0,6
9.511795997619629,0,2
9.511815071105957,1,1
9.512945890426636,1,1
9.512966871261597,0,2
