Time,Dst,Type
0.0,0,1
2.6941299438476562e-05,0,2
0.0009210109710693359,0,2
0.0009479522705078125,0,2
0.0009551048278808594,0,3
0.0021970272064208984,0,3
0.00424504280090332,0,4
0.01058506965637207,0,5
0.013482093811035156,0,6
0.03954005241394043,0,6
0.04147696495056152,0,6
0.045011043548583984,0,6
9.554719924926758,1,1
9.555814981460571,0,2
9.557529926300049,0,2
