Time,Dst,Type
0.0,0,1
2.5033950805664062e-05,0,2
0.0013740062713623047,0,2
0.001399993896484375,0,2
0.0014069080352783203,0,3
0.0014128684997558594,0,3
0.0036618709564208984,0,4
0.01096487045288086,0,5
0.029811859130859375,0,6
0.0402979850769043,0,6
0.04132795333862305,0,6
0.04549002647399902,0,6
9.552464962005615,1,1
9.552490949630737,0,2
9.553392887115479,0,2
9.55457592010498,0,2
