Time,Dst,Type
0.0,0,1
2.5987625122070312e-05,0,2
0.001264810562133789,0,2
0.001294851303100586,0,2
0.00421595573425293,0,3
0.0069539546966552734,0,4
0.012708902359008789,0,5
0.03227591514587402,0,6
0.04237985610961914,0,6
0.0441279411315918,0,6
0.04631185531616211,0,6
9.636711835861206,1,1
9.640440940856934,0,2
