Time,Dst,Type
0.0,0,1
5.9604644775390625e-06,0,2
0.0011219978332519531,0,2
0.0011279582977294922,0,2
0.003690958023071289,0,3
0.005316019058227539,0,3
0.007338047027587891,0,4
0.01442408561706543,0,5
0.023611068725585938,0,6
0.053011178970336914,0,6
0.054737091064453125,0,6
0.05905413627624512,0,6
10.712264060974121,1,1
10.712295055389404,0,2
10.71312403678894,0,2
10.732457160949707,1,1
10.73248815536499,0,2
10.733376026153564,0,2
