Time,Dst,Type
0.0,0,1
3.2901763916015625e-05,0,2
0.0009760856628417969,0,2
0.001007080078125,0,2
0.0010149478912353516,0,3
0.0021979808807373047,0,3
0.0042951107025146484,0,4
0.012048959732055664,0,5
0.016383886337280273,0,6
0.06641006469726562,0,6
0.0677790641784668,0,6
10.746639013290405,0,2
10.747972011566162,0,2
