Time,Dst,Type
0.0,0,1
3.2901763916015625e-05,0,2
0.0007009506225585938,0,2
0.0007281303405761719,0,2
0.005163908004760742,0,3
0.005198955535888672,0,3
0.008558034896850586,0,4
0.014950037002563477,0,5
0.02387094497680664,0,6
0.056175947189331055,0,6
0.057836055755615234,0,6
0.06254196166992188,0,6
10.727656126022339,1,1
10.729023933410645,0,2
10.729063034057617,0,2
10.729936122894287,0,2
10.748394012451172,1,1
10.749874114990234,0,2
10.749903917312622,0,2
10.75097393989563,0,2
