Time,Dst,Type
0.0,0,3
3.409385681152344e-05,0,3
0.0033740997314453125,0,4
0.01025390625,0,5
0.01661396026611328,0,6
0.048211097717285156,0,6
0.05379199981689453,0,6
6.597815036773682,1,1
6.5978639125823975,0,2
6.599050998687744,0,2
6.60017991065979,0,2
6.620196104049683,1,1
6.620233058929443,0,2
6.621393918991089,0,2
6.6214280128479,0,2
