Time,Dst,Type
0.0,0,3
7.152557373046875e-06,0,3
0.006774187088012695,0,4
0.01367807388305664,0,5
0.02672100067138672,0,6
0.0335080623626709,0,6
0.035331010818481445,0,6
0.0363621711730957,0,6
4.527734994888306,1,1
4.527770042419434,0,2
4.529308080673218,0,2
4.529338121414185,0,2
4.549123048782349,0,2
4.550479173660278,0,2
4.550511121749878,0,2
