Time,Dst,Type
0.0,0,3
1.5020370483398438e-05,0,3
0.002028942108154297,0,4
0.008430957794189453,0,5
0.019483089447021484,0,6
0.04064798355102539,0,6
4.480303049087524,0,2
4.480326890945435,0,2
4.4814629554748535,0,2
4.509567975997925,0,2
4.510935068130493,0,2
