Time,Dst,Type
0.0,0,3
2.9087066650390625e-05,0,3
0.009541988372802734,0,4
0.022365093231201172,0,6
0.03841805458068848,0,6
0.041033029556274414,0,6
6.503082990646362,1,1
6.503089904785156,0,2
6.504133939743042,0,2
6.504137992858887,0,2
6.525516986846924,1,1
6.525523900985718,0,2
6.526982069015503,0,2
6.5269880294799805,0,2
