Time,Dst,Type
0.0,0,3
8.106231689453125e-06,0,3
0.008526086807250977,0,5
0.019924163818359375,0,6
0.0302121639251709,0,6
0.032427072525024414,0,6
0.03544497489929199,0,6
6.513426065444946,1,1
6.513437032699585,0,2
6.514446020126343,0,2
6.515527963638306,0,2
6.535149097442627,1,1
6.535153150558472,0,2
6.53613805770874,0,2
6.537584066390991,0,2
