Time,Dst,Type
0.0,0,3
2.7179718017578125e-05,0,3
0.0033800601959228516,0,4
0.010117053985595703,0,5
0.023180007934570312,0,6
0.03235316276550293,0,6
0.03457903861999512,0,6
0.03800201416015625,0,6
