Time,Dst,Type
0.0,0,3
3.0040740966796875e-05,0,3
0.008518218994140625,0,4
0.014702081680297852,0,5
0.031684160232543945,0,6
0.037902116775512695,0,6
0.03932619094848633,0,6
0.0419611930847168,0,6
4.495343208312988,1,1
4.495358228683472,0,2
4.496636152267456,0,2
4.497488021850586,0,2
4.520198106765747,1,1
4.520204067230225,0,2
4.521713018417358,0,2
4.522769212722778,0,2
