Time,Dst,Type
0.0,0,3
7.152557373046875e-06,0,3
0.024239063262939453,0,6
0.02819204330444336,0,6
0.029160022735595703,0,6
4.5212931632995605,1,1
4.52131199836731,0,2
4.522727012634277,0,2
4.524112224578857,0,2
4.543927192687988,1,1
4.545208215713501,0,2
4.54612922668457,0,2
