Time,Dst,Type
0.0,0,3
4.00543212890625e-05,0,3
4.792213439941406e-05,0,3
0.004781007766723633,0,4
0.010104894638061523,0,5
0.0264589786529541,0,6
0.028947114944458008,0,6
0.029972076416015625,0,6
0.032920122146606445,0,6
