Time,Dst,Type
0.0,0,3
1.5974044799804688e-05,0,3
0.005063056945800781,0,4
0.013432979583740234,0,5
0.050672054290771484,0,6
0.05168795585632324,0,6
0.05332207679748535,0,6
3.525120973587036,1,1
3.5251591205596924,0,2
3.5263869762420654,0,2
3.526416063308716,0,2
3.5463149547576904,1,1
3.5474400520324707,0,2
3.5487351417541504,0,2
3.5487639904022217,0,2
