Time,Dst,Type
0.0,0,3
0.001500844955444336,0,3
0.0049359798431396484,0,4
0.011641979217529297,0,5
0.03011488914489746,0,6
0.032124996185302734,0,6
0.03409385681152344,0,6
0.03606390953063965,0,6
3.550029993057251,1,1
3.570858955383301,1,1
3.5738298892974854,0,2
