Time,Dst,Type
0.0,0,3
0.001026153564453125,0,3
0.0022809505462646484,0,4
0.009568929672241211,0,5
0.013393163681030273,0,6
0.027662992477416992,0,6
0.03965616226196289,0,6
3.5528130531311035,1,1
3.552845001220703,0,2
3.5539700984954834,0,2
3.5539889335632324,0,2
3.574747085571289,1,1
3.574787139892578,0,2
3.5753390789031982,0,2
