Time,Dst,Type
0.0,0,3
0.009588956832885742,0,5
0.012721061706542969,0,6
0.016115903854370117,0,6
0.019268035888671875,0,6
0.02137303352355957,0,6
