Time,Dst,Type
0.0,0,3
2.8848648071289062e-05,0,3
0.0033609867095947266,0,4
0.010190010070800781,0,5
0.019989967346191406,0,6
0.02829599380493164,0,6
0.03262782096862793,0,6
1.9026029109954834,1,1
1.9039099216461182,0,2
1.903939962387085,0,2
1.9239997863769531,1,1
1.9240329265594482,0,2
1.9252679347991943,0,2
1.9252970218658447,0,2
