Time,Dst,Type
0.0,0,3
0.004500865936279297,0,3
0.008497953414916992,0,4
0.011989831924438477,0,4
0.0165708065032959,0,4
0.026446819305419922,0,5
0.05759692192077637,0,6
0.06074690818786621,0,6
0.06425189971923828,0,6
0.06766390800476074,0,6
11.02073884010315,1,1
11.023017883300781,0,2
11.023043870925903,0,2
11.02564787864685,0,2
11.044764995574951,1,1
11.045835971832275,0,2
11.047102928161621,0,2
11.047118902206421,0,2
