Time,Dst,Type
0.0,0,4
0.006364107131958008,0,5
0.010785102844238281,0,6
0.027822017669677734,0,6
0.02959918975830078,0,6
10.70603609085083,0,2
10.706995010375977,0,2
10.727619171142578,1,1
10.728609085083008,0,2
10.729741096496582,0,2
20.736826181411743,1,1
20.738288164138794,0,2
20.73930811882019,0,2
20.759348154067993,1,1
20.759374141693115,0,2
20.760385990142822,0,2
20.76041007041931,0,2
