Time,Dst,Type
0.0,0,6
10.932068109512329,1,1
10.932850122451782,0,2
10.932886123657227,0,2
10.953831911087036,1,1
10.955430030822754,0,2
10.956300973892212,0,2
21.040735960006714,0,2
21.040755033493042,0,2
21.042125940322876,0,2
