Time,Dst,Type
0.0,0,3
0.03023505210876465,0,6
0.03431892395019531,0,6
0.046044111251831055,0,6
11.0435209274292,1,1
11.065541982650757,1,1
11.067588090896606,0,2
11.067612886428833,0,2
11.068949937820435,0,2
