Time,Dst,Type
0.0,0,3
0.0021228790283203125,0,4
0.015553951263427734,0,6
0.02810382843017578,0,6
0.02991199493408203,0,6
10.943506002426147,1,1
10.945745944976807,0,2
10.966327905654907,1,1
10.966362953186035,0,2
10.967580795288086,0,2
10.967612028121948,0,2
