Time,Dst,Type
0.0,0,3
3.0994415283203125e-05,0,3
0.003240823745727539,0,4
0.009775876998901367,0,5
0.022259950637817383,0,6
0.023671865463256836,0,6
0.026998043060302734,0,6
0.03058600425720215,0,6
11.636384010314941,1,1
11.637807846069336,0,2
11.637846946716309,0,2
11.639024019241333,0,2
11.659004926681519,1,1
