Time,Dst,Type
0.0,0,3
0.0016889572143554688,0,4
0.009963035583496094,0,5
0.017108917236328125,0,6
0.02097296714782715,0,6
10.865694999694824,1,1
10.871248960494995,0,2
10.871293067932129,0,2
10.872509956359863,0,2
20.893940925598145,1,1
20.89397406578064,0,2
20.89489507675171,0,2
20.89491605758667,0,2
20.91459608078003,1,1
