Time,Dst,Type
0.0,0,3
0.002566814422607422,0,4
0.008793830871582031,0,5
0.021934986114501953,0,6
0.02297496795654297,0,6
0.023005962371826172,0,6
0.027267932891845703,0,6
0.029685020446777344,0,6
0.029731035232543945,0,6
10.915396928787231,1,1
10.916393995285034,0,2
10.917989015579224,0,2
10.919556856155396,0,2
20.970361948013306,0,2
