Time,Dst,Type
0.0,0,3
2.7179718017578125e-05,0,3
0.00098419189453125,0,4
0.008323192596435547,0,5
0.020438194274902344,0,6
0.0217740535736084,0,6
0.023043155670166016,0,6
10.956869125366211,0,2
10.9580659866333,0,2
10.97846508026123,1,1
10.978500127792358,0,2
10.979937076568604,0,2
