Time,Dst,Type
0.0,0,3
0.003098011016845703,0,4
0.008682012557983398,0,5
0.02403998374938965,0,6
0.02542400360107422,0,6
0.027775049209594727,0,6
0.029090166091918945,0,6
10.931993961334229,1,1
10.935349941253662,0,2
10.955163955688477,1,1
10.958729028701782,0,2
10.958789110183716,0,2
