Time,Dst,Type
0.0,0,3
0.0034608840942382812,0,4
0.00989389419555664,0,5
0.02580881118774414,0,6
0.028033971786499023,0,6
0.03146982192993164,0,6
11.768413782119751,1,1
11.769788980484009,0,2
11.769816875457764,0,2
11.771235942840576,0,2
11.789247989654541,0,2
11.790608882904053,0,2
20.978402853012085,1,1
20.979366779327393,0,2
20.99975085258484,1,1
