Time,Dst,Type
0.0,0,3
1.4066696166992188e-05,0,3
0.007342100143432617,0,4
0.018943071365356445,0,5
0.024461030960083008,0,6
0.02688002586364746,0,6
0.039277076721191406,0,6
11.068655014038086,1,1
11.068668127059937,0,2
11.071051120758057,0,2
