Time,Dst,Type
0.0,0,3
0.0023238658905029297,0,4
0.010226011276245117,0,5
0.017683029174804688,0,6
0.022129058837890625,0,6
0.036540985107421875,0,6
10.876641035079956,1,1
10.87756896018982,0,2
10.878622055053711,0,2
10.898854970932007,1,1
10.899971008300781,0,2
10.900008916854858,0,2
10.901227951049805,0,2
