Time,Dst,Type
0.0,0,4
0.006432056427001953,0,5
0.020606040954589844,0,6
0.024246931076049805,0,6
0.031206846237182617,0,6
11.014689922332764,1,1
11.015915870666504,0,2
