Time,Dst,Type
0.0,0,6
0.004475831985473633,0,6
10.8990638256073,0,2
