Time,Dst,Type
0.0,0,3
4.0531158447265625e-06,0,3
0.005692005157470703,0,4
0.012606143951416016,0,5
0.030935049057006836,0,6
0.03232598304748535,0,6
0.03465104103088379,0,6
0.03600811958312988,0,6
9.742991209030151,1,1
9.74300217628479,0,2
9.744302988052368,0,2
9.744310140609741,0,2
19.804688215255737,1,1
19.80471706390381,0,2
19.806193113327026,0,2
19.80621314048767,0,2
19.826619148254395,1,1
19.82663917541504,0,2
19.827919006347656,0,2
19.82793617248535,0,2
