Time,Dst,Type
0.0,0,3
0.0067288875579833984,0,4
0.01363992691040039,0,5
0.02565288543701172,0,6
0.029232025146484375,0,6
0.030590057373046875,0,6
0.03333592414855957,0,6
10.921522855758667,1,1
10.921545028686523,0,2
10.945550918579102,0,2
10.945556879043579,0,2
10.947077989578247,0,2
19.858022928237915,1,1
19.85804796218872,0,2
19.859084844589233,0,2
19.88236689567566,0,2
19.882401943206787,0,2
19.88319206237793,0,2
