Time,Dst,Type
0.0,0,3
3.814697265625e-06,0,3
0.006304025650024414,0,4
0.013865947723388672,0,5
0.018034934997558594,0,6
0.028035879135131836,0,6
0.030256986618041992,0,6
0.03167986869812012,0,6
9.805308818817139,1,1
9.809451818466187,0,2
9.80947995185852,0,2
9.810275793075562,0,2
19.840085983276367,1,1
19.840116024017334,0,2
19.84102988243103,0,2
19.863960027694702,1,1
19.86398983001709,0,2
19.865049839019775,0,2
19.865067958831787,0,2
