Time,Dst,Type
0.0,0,3
7.867813110351562e-06,0,3
0.011000871658325195,0,4
0.01806187629699707,0,5
0.03148698806762695,0,6
0.033468008041381836,0,6
0.035475969314575195,0,6
0.03763604164123535,0,6
9.683894872665405,1,1
9.6852548122406,0,2
9.685285806655884,0,2
9.686316013336182,0,2
9.705927848815918,1,1
9.705941915512085,0,2
9.708539962768555,0,2
