Time,Dst,Type
0.0,0,3
1.0013580322265625e-05,0,3
0.005997180938720703,0,4
0.013476133346557617,0,5
0.023128032684326172,0,6
0.026882171630859375,0,6
0.028911113739013672,0,6
0.03025507926940918,0,6
10.971283197402954,1,1
10.971325159072876,0,2
10.972352027893066,0,2
10.973392009735107,0,2
10.994352102279663,1,1
10.994387149810791,0,2
10.995634078979492,0,2
10.9965980052948,0,2
