Time,Dst,Type
0.0,0,3
0.01024484634399414,0,4
0.017164945602416992,0,5
0.028301000595092773,0,6
0.02925705909729004,0,6
0.030431032180786133,0,6
0.03237795829772949,0,6
9.94541883468628,0,2
9.945456981658936,0,2
9.946156024932861,0,2
9.96758484840393,1,1
9.968677043914795,0,2
9.96871304512024,0,2
9.969935894012451,0,2
