Time,Dst,Type
0.0,0,3
0.0009250640869140625,0,3
0.011476993560791016,0,4
0.01761794090270996,0,5
0.03206801414489746,0,6
0.032093048095703125,0,6
0.03489494323730469,0,6
0.036982059478759766,0,6
0.03704094886779785,0,6
0.03923296928405762,0,6
9.836878061294556,1,1
9.836899995803833,0,2
9.837943077087402,0,2
9.838971138000488,0,2
9.859293937683105,1,1
9.859323978424072,0,2
9.860339164733887,0,2
9.86035704612732,0,2
