Time,Dst,Type
0.0,0,3
3.2901763916015625e-05,0,3
0.011297941207885742,0,4
0.01751399040222168,0,5
0.02869701385498047,0,6
0.030684947967529297,0,6
0.03194713592529297,0,6
0.03307509422302246,0,6
0.03460097312927246,0,6
0.0346219539642334,0,6
9.909716129302979,1,1
9.911310911178589,0,2
9.911317110061646,0,2
9.912436962127686,0,2
9.985719919204712,0,2
9.985733032226562,0,2
9.987141132354736,0,2
