Time,Dst,Type
0.0,0,3
7.867813110351562e-06,0,3
0.010560989379882812,0,4
0.017401933670043945,0,5
0.033468008041381836,0,6
0.03487682342529297,0,6
0.036808013916015625,0,6
0.03809189796447754,0,6
9.64063286781311,1,1
9.640661001205444,0,2
9.641400814056396,0,2
9.642774820327759,0,2
9.662365913391113,1,1
9.662397861480713,0,2
9.663719892501831,0,2
9.66375184059143,0,2
