Time,Dst,Type
0.0,1,1
2.5987625122070312e-05,0,2
0.0014641284942626953,0,2
0.0014929771423339844,0,2
0.02289295196533203,0,3
0.02292013168334961,0,3
0.02441692352294922,0,4
0.048516035079956055,0,6
0.04943704605102539,0,6
0.051191091537475586,0,6
