Time,Dst,Type
0.0,1,1
3.2901763916015625e-05,0,2
0.00096893310546875,0,2
0.0009989738464355469,0,2
0.02161097526550293,0,3
0.023920059204101562,0,4
0.03260993957519531,0,5
0.04296994209289551,0,6
0.04408097267150879,0,6
0.04692506790161133,0,6
0.04695010185241699,0,6
