Time,Dst,Type
0.0,1,1
3.504753112792969e-05,0,2
0.0008740425109863281,0,2
0.0009050369262695312,0,2
0.022549152374267578,0,3
0.022578001022338867,0,3
0.02405405044555664,0,4
0.030808210372924805,0,5
0.041361093521118164,0,6
0.042510032653808594,0,6
0.04376506805419922,0,6
0.045022010803222656,0,6
