Time,Dst,Type
0.0,1,1
3.1948089599609375e-05,0,2
0.0006070137023925781,0,2
0.0006330013275146484,0,2
0.02317500114440918,0,3
0.023201942443847656,0,3
0.024313926696777344,0,4
0.031922101974487305,0,5
0.035368919372558594,0,6
0.03661704063415527,0,6
0.03826498985290527,0,6
0.03994894027709961,0,6
