Time,Dst,Type
0.0,1,1
3.0994415283203125e-05,0,2
0.0011479854583740234,0,2
0.001177072525024414,0,2
0.022648096084594727,0,3
0.02267599105834961,0,3
0.02415299415588379,0,4
0.03047013282775879,0,5
0.03822207450866699,0,6
0.03943800926208496,0,6
0.04136991500854492,0,6
0.042578935623168945,0,6
