Time,Dst,Type
0.0,1,1
3.0994415283203125e-05,0,2
0.0011019706726074219,0,2
0.0011301040649414062,0,2
0.023519039154052734,0,3
0.02354598045349121,0,3
0.024621963500976562,0,4
0.031170129776000977,0,5
0.04359912872314453,0,6
0.04502415657043457,0,6
0.0464169979095459,0,6
0.04802894592285156,0,6
