Time,Dst,Type
0.0,1,1
0.0009210109710693359,0,2
0.0009360313415527344,0,2
0.0021178722381591797,0,2
0.02252197265625,0,3
0.02252984046936035,0,3
0.02446293830871582,0,4
0.03059101104736328,0,5
0.04934191703796387,0,6
0.050813913345336914,0,6
