Time,Dst,Type
0.0,1,1
3.1948089599609375e-05,0,2
0.0014469623565673828,0,2
0.0014748573303222656,0,2
0.024101972579956055,0,3
0.024129867553710938,0,3
0.025697946548461914,0,4
0.03235983848571777,0,5
0.04137301445007324,0,6
0.0430300235748291,0,6
0.044342041015625,0,6
0.04588890075683594,0,6
