Time,Dst,Type
0.0,1,1
0.0008978843688964844,0,2
0.0009248256683349609,0,2
0.022778987884521484,0,3
0.02378082275390625,0,3
0.031999826431274414,0,5
0.0443120002746582,0,6
0.046568870544433594,0,6
0.048074960708618164,0,6
0.04924488067626953,0,6
