Time,Dst,Type
0.0,0,1
3.0040740966796875e-05,0,2
0.000993967056274414,0,2
0.005133867263793945,0,3
0.005169868469238281,0,3
0.0073070526123046875,0,4
0.025037050247192383,0,6
0.07213783264160156,0,6
0.07333993911743164,0,6
0.07804298400878906,0,6
10.709430932998657,1,1
10.70946192741394,0,2
10.710690021514893,0,2
10.711698055267334,0,2
10.729156017303467,0,2
10.729184865951538,0,2
10.730921030044556,0,2
