Time,Dst,Type
0.0,0,1
2.6941299438476562e-05,0,2
0.0009768009185791016,0,2
0.0010039806365966797,0,2
0.004284858703613281,0,3
0.005419015884399414,0,3
0.010886907577514648,0,4
0.017045974731445312,0,5
0.055166006088256836,0,6
0.05742788314819336,0,6
0.06355500221252441,0,6
10.61944580078125,1,1
10.61946702003479,0,2
10.620847940444946,0,2
10.62169098854065,0,2
10.63993501663208,1,1
10.639963865280151,0,2
10.640949010848999,0,2
10.642530918121338,0,2
