Time,Dst,Type
0.0,0,1
2.5987625122070312e-05,0,2
0.0011987686157226562,0,2
0.0012259483337402344,0,3
0.0012328624725341797,0,2
0.001239776611328125,0,3
0.004378795623779297,0,4
0.011163949966430664,0,5
0.025377988815307617,0,6
0.07464098930358887,0,6
0.07643985748291016,0,6
0.08337092399597168,0,6
12.391906976699829,1,1
12.391917943954468,0,2
12.393134832382202,0,2
12.394250869750977,0,2
22.33201789855957,1,1
22.33204698562622,0,2
22.333157777786255,0,2
22.33319091796875,0,2
