Time,Dst,Type
0.0,0,1
2.6941299438476562e-05,0,2
0.0011050701141357422,0,2
0.012021064758300781,0,3
0.015690088272094727,0,4
0.02225494384765625,0,5
0.028974056243896484,0,6
0.031080007553100586,0,6
0.03264594078063965,0,6
0.03495502471923828,0,6
0.3457331657409668,0,2
0.34575510025024414,0,2
0.3467230796813965,0,2
