Time,Dst,Type
0.0,0,1
0.001074075698852539,0,2
0.002268075942993164,0,2
0.0034351348876953125,0,3
0.02117013931274414,0,5
0.025171995162963867,0,6
0.0628211498260498,0,6
0.06849122047424316,0,6
1.9330191612243652,1,1
11.230889081954956,1,1
11.232516050338745,0,2
11.232550144195557,0,2
11.23375916481018,0,2
21.11942720413208,1,1
21.12368106842041,0,2
21.124940156936646,0,2
21.125001192092896,0,2
21.14261817932129,1,1
21.143704175949097,0,2
21.143721103668213,0,2
21.145785093307495,0,2
