Time,Dst,Type
0.0,0,3
0.004915952682495117,0,4
0.011657953262329102,0,5
0.02679896354675293,0,6
0.030072927474975586,0,6
0.030797958374023438,0,6
6.3811609745025635,1,1
6.403335094451904,1,1
6.403368949890137,0,2
6.404566049575806,0,2
6.4045960903167725,0,2
16.401093006134033,1,1
16.40111994743347,0,2
16.403053998947144,0,2
16.403080940246582,0,2
16.425198078155518,0,2
16.426374912261963,0,2
16.426405906677246,0,2
