Time,Dst,Type
0.0,0,3
2.7179718017578125e-05,0,3
0.0039670467376708984,0,4
0.027387142181396484,0,6
0.03022909164428711,0,6
0.03189897537231445,0,6
0.03316998481750488,0,6
6.290338039398193,1,1
6.290369033813477,0,2
6.292003154754639,0,2
6.292880058288574,0,2
6.312952995300293,1,1
6.3129870891571045,0,2
6.313830137252808,0,2
