Time,Dst,Type
0.0,0,3
2.6941299438476562e-05,0,3
0.012813091278076172,0,5
0.026203155517578125,0,6
0.02889108657836914,0,6
0.030946016311645508,0,6
0.03216195106506348,0,6
6.343707084655762,1,1
6.345047950744629,0,2
6.345057964324951,0,2
6.346086025238037,0,2
6.366130113601685,1,1
6.367308139801025,0,2
6.3683180809021,0,2
16.275378942489624,1,1
16.29824209213257,1,1
