Time,Dst,Type
0.0,0,3
3.1948089599609375e-05,0,3
0.002875089645385742,0,4
0.009326934814453125,0,5
0.0174560546875,0,6
0.018564939498901367,0,6
0.02150106430053711,0,6
5.216109037399292,1,1
5.216145038604736,0,2
5.2166969776153564,0,2
5.216723918914795,0,2
5.238210916519165,1,1
5.238245010375977,0,2
5.239455938339233,0,2
