Time,Dst,Type
0.0,0,4
0.007770061492919922,0,5
0.018349885940551758,0,6
0.019901037216186523,0,6
0.02595806121826172,0,6
6.321569919586182,1,1
6.321600914001465,0,2
6.322540044784546,0,2
6.3225579261779785,0,2
6.343772888183594,1,1
