Time,Dst,Type
0.0,0,3
3.409385681152344e-05,0,3
0.004014015197753906,0,4
0.010580062866210938,0,5
0.014966964721679688,0,6
0.021220922470092773,0,6
0.024652957916259766,0,6
