Time,Dst,Type
0.0,0,3
3.504753112792969e-05,0,3
0.006376028060913086,0,4
0.012727975845336914,0,5
0.034223079681396484,0,6
0.03769087791442871,0,6
0.0400090217590332,0,6
0.04127693176269531,0,6
6.311058044433594,1,1
6.311065912246704,0,2
6.312083005905151,0,2
6.31311297416687,0,2
6.3324339389801025,1,1
6.333983898162842,0,2
6.333992958068848,0,2
6.335126876831055,0,2
16.297729015350342,0,2
16.29891300201416,0,2
16.298948049545288,0,2
16.323647022247314,1,1
