Time,Dst,Type
0.0,0,3
2.7179718017578125e-05,0,3
0.0036411285400390625,0,4
0.009287118911743164,0,5
0.013033151626586914,0,6
0.02509903907775879,0,6
0.0264890193939209,0,6
0.02913212776184082,0,6
0.029143095016479492,0,6
6.304413080215454,1,1
6.304447174072266,0,2
6.30539608001709,0,2
6.3054351806640625,0,2
6.32891321182251,1,1
6.328947067260742,0,2
6.329780101776123,0,2
6.330979108810425,0,2
