Time,Dst,Type
0.0,0,1
3.0994415283203125e-05,0,2
0.0008578300476074219,0,3
0.0008897781372070312,0,2
0.0018248558044433594,0,2
0.0018558502197265625,0,3
0.003139972686767578,0,4
0.01016998291015625,0,5
0.02527785301208496,0,6
0.034944772720336914,0,6
0.03609490394592285,0,6
0.03764677047729492,0,6
0.040292978286743164,0,6
0.3825709819793701,1,1
0.38260483741760254,0,2
0.3835418224334717,0,2
0.3835718631744385,0,2
