Time,Dst,Type
0.0,0,1
0.00554203987121582,0,3
0.005552053451538086,0,2
0.009084939956665039,0,2
0.009118080139160156,0,3
0.012758970260620117,0,4
0.027870893478393555,0,5
0.5124430656433105,0,6
0.519934892654419,0,6
0.6449639797210693,0,6
0.6494710445404053,0,6
1.0416650772094727,1,1
1.0416719913482666,0,2
1.0427069664001465,0,2
1.0427110195159912,0,2
2.000959873199463,1,1
2.0009710788726807,0,2
2.002048969268799,0,2
2.0020570755004883,0,2
