Time,Dst,Type
0.0,0,1
2.6941299438476562e-05,0,2
0.0012729167938232422,0,2
0.001300811767578125,0,3
0.0013079643249511719,0,2
0.001313924789428711,0,3
0.004621982574462891,0,4
0.01082301139831543,0,5
0.02547001838684082,0,6
0.03323698043823242,0,6
0.034520864486694336,0,6
0.03979301452636719,0,6
5.72167181968689,1,1
5.721702814102173,0,2
5.722620964050293,0,2
5.723853826522827,0,2
5.7415080070495605,1,1
