Time,Dst,Type
0.0,0,3
0.007472991943359375,0,4
0.013258934020996094,0,5
0.03252410888671875,0,6
0.03670191764831543,0,6
0.03701305389404297,0,6
0.03896307945251465,0,6
6.255264043807983,1,1
6.255279064178467,0,2
6.256155014038086,0,2
6.257345914840698,0,2
14.49551010131836,1,1
14.495523929595947,0,2
14.4966139793396,0,2
14.498948097229004,0,2
14.518027067184448,1,1
14.520318031311035,0,2
14.520363092422485,0,2
