Time,Dst,Type
0.0,0,3
2.6941299438476562e-05,0,3
0.0019860267639160156,0,4
0.008546113967895508,0,5
0.021387100219726562,0,6
0.022706031799316406,0,6
0.02399301528930664,0,6
0.025004148483276367,0,6
