Time,Dst,Type
0.0,0,3
0.004160881042480469,0,4
0.005486965179443359,0,4
0.005522012710571289,0,4
0.13498902320861816,0,6
0.2525298595428467,0,6
0.25958895683288574,0,6
