Time,Dst,Type
0.0,0,3
1.5020370483398438e-05,0,3
0.0032091140747070312,0,4
0.009814023971557617,0,5
0.0237271785736084,0,6
0.02590799331665039,0,6
0.027387142181396484,0,6
0.02902507781982422,0,6
6.274584054946899,1,1
6.274612188339233,0,2
6.27606201171875,0,2
6.276899099349976,0,2
6.297006130218506,1,1
6.297047138214111,0,2
6.2979090213775635,0,2
14.734001159667969,1,1
14.735207080841064,0,2
14.736236095428467,0,2
14.736263036727905,0,2
14.756412029266357,1,1
14.769190073013306,0,2
