Time,Dst,Type
0.0,0,3
0.004765987396240234,0,4
0.011578083038330078,0,5
0.02129507064819336,0,6
0.022243976593017578,0,6
0.025710105895996094,0,6
0.03713512420654297,0,6
25.63244915008545,1,1
25.654932975769043,1,1
25.65612506866455,0,2
25.656130075454712,0,2
25.657628059387207,0,2
