Time,Dst,Type
0.0,0,3
1.811981201171875e-05,0,3
0.002061128616333008,0,4
0.009026050567626953,0,5
0.01956915855407715,0,6
0.04011416435241699,0,6
0.042095184326171875,0,6
0.04332304000854492,0,6
10.473205089569092,1,1
10.495177030563354,1,1
10.496494054794312,0,2
10.496525049209595,0,2
10.497711181640625,0,2
20.48378014564514,1,1
20.486037969589233,0,2
20.486916065216064,0,2
20.486945152282715,0,2
20.504489183425903,1,1
20.504502058029175,0,2
