Time,Dst,Type
0.0,0,3
0.0009539127349853516,0,3
0.0009860992431640625,0,3
0.004765987396240234,0,4
0.012222051620483398,0,5
0.026801109313964844,0,6
0.02903294563293457,0,6
0.029102087020874023,0,6
0.030014991760253906,0,6
0.03253293037414551,0,6
3.471036911010742,1,1
3.4722321033477783,0,2
3.4722440242767334,0,2
3.4737370014190674,0,2
3.4942679405212402,1,1
3.495507001876831,0,2
3.495542049407959,0,2
3.4967780113220215,0,2
