Time,Dst,Type
0.0,0,3
2.5033950805664062e-05,0,3
0.0020051002502441406,0,4
0.009215116500854492,0,5
0.02245807647705078,0,6
0.024718046188354492,0,6
0.02593708038330078,0,6
0.02845001220703125,0,6
