Time,Dst,Type
0.0,0,3
0.0011568069458007812,0,3
0.0011827945709228516,0,3
0.0011878013610839844,0,3
0.001194000244140625,0,3
0.0011990070343017578,0,3
0.0012040138244628906,0,3
0.002235889434814453,0,3
0.0022628307342529297,0,3
0.0022678375244140625,0,3
0.0022728443145751953,0,3
0.0022788047790527344,0,3
0.0035250186920166016,0,3
0.008198976516723633,0,4
0.013922929763793945,0,5
0.030128002166748047,0,6
0.033676862716674805,0,6
0.03481292724609375,0,6
0.03725481033325195,0,6
