Time,Dst,Type
0.0,0,3
0.02214789390563965,0,4
0.02845907211303711,0,5
0.034924983978271484,0,6
0.0495610237121582,0,6
0.053967952728271484,0,6
0.056379079818725586,0,6
3.535741090774536,1,1
3.535768985748291,0,2
3.537081003189087,0,2
3.5381228923797607,0,2
3.5578038692474365,1,1
3.5578160285949707,0,2
3.558985948562622,0,2
3.558992862701416,0,2
