Time,Dst,Type
0.0,0,3
2.3126602172851562e-05,0,3
0.0012841224670410156,0,4
0.022668123245239258,0,6
0.02393198013305664,0,6
0.02593517303466797,0,6
53.52084708213806,1,1
53.530872106552124,0,2
53.530888080596924,0,2
53.53194713592529,0,2
53.54143714904785,1,1
53.541444063186646,0,2
53.54419016838074,0,2
