Time,Dst,Type
0.0,0,3
0.0013148784637451172,0,3
0.011410951614379883,0,5
0.03067779541015625,0,6
0.032878875732421875,0,6
0.036679983139038086,0,6
0.03755784034729004,0,6
3.5779078006744385,0,2
3.5788919925689697,0,2
3.59920597076416,1,1
3.5992398262023926,0,2
3.6002309322357178,0,2
3.600270986557007,0,2
