Time,Dst,Type
0.0,0,3
0.029552936553955078,0,3
0.04323387145996094,0,4
0.061395883560180664,0,5
0.1330869197845459,0,6
0.13666582107543945,0,6
0.13906002044677734,0,6
0.1402590274810791,0,6
12.572390794754028,1,1
12.572414875030518,0,2
12.574078798294067,0,2
12.575312852859497,0,2
12.575339794158936,0,2
12.576618909835815,0,2
12.576650857925415,0,2
