Time,Dst,Type
0.0,0,3
0.01401376724243164,0,3
0.02714991569519043,0,4
0.04216194152832031,0,5
0.06624698638916016,0,6
0.06819677352905273,0,6
0.0716848373413086,0,6
4.617222785949707,1,1
4.61724591255188,1,1
4.619428873062134,0,2
10.858694791793823,0,2
10.859730958938599,0,2
10.860784769058228,0,2
10.860789775848389,0,2
