Time,Dst,Type
0.0,0,3
0.0926361083984375,0,4
0.12117409706115723,0,5
0.8070840835571289,0,6
12.46757197380066,1,1
12.469089031219482,0,2
12.471405029296875,0,2
12.47243595123291,0,2
