Time,Dst,Type
0.0,0,3
0.007074117660522461,0,4
0.018119096755981445,0,6
0.01815199851989746,0,6
0.029532194137573242,0,6
0.030727148056030273,0,6
