Time,Dst,Type
0.0,0,3
0.013408899307250977,0,4
0.027538061141967773,0,5
0.07962799072265625,0,6
0.0809779167175293,0,6
0.08099889755249023,0,6
0.08101105690002441,0,6
0.08102202415466309,0,6
0.08226203918457031,0,6
0.0857388973236084,0,6
0.0857698917388916,0,6
0.08735799789428711,0,6
0.08738207817077637,0,6
0.08739590644836426,0,6
0.08838796615600586,0,6
0.08841109275817871,0,6
0.09455990791320801,0,6
12.670373916625977,1,1
12.67040205001831,1,1
