Time,Dst,Type
0.0,0,3
1.5020370483398438e-05,0,3
0.00331878662109375,0,4
0.008485794067382812,0,5
0.025374889373779297,0,6
0.02540898323059082,0,6
0.025447845458984375,0,6
0.0318598747253418,0,6
12.690660953521729,1,1
12.690671920776367,1,1
21.48664689064026,1,1
21.486665964126587,1,1
21.48667001724243,0,2
21.48762583732605,0,2
21.48763680458069,0,2
21.488626956939697,0,2
21.48864984512329,0,2
21.488654851913452,0,2
