Time,Dst,Type
0.0,0,3
0.03674793243408203,0,3
0.05032801628112793,0,4
0.27897095680236816,0,6
0.2967100143432617,0,6
0.29799389839172363,0,6
12.597681999206543,1,1
12.59768795967102,1,1
12.607156038284302,0,2
12.607176065444946,0,2
12.608346939086914,0,2
