Time,Dst,Type
0.0,0,3
0.0016388893127441406,0,3
0.0034379959106445312,0,4
0.00978398323059082,0,5
0.02710890769958496,0,6
0.03099799156188965,0,6
0.03273582458496094,0,6
0.03542280197143555,0,6
12.602183818817139,1,1
12.602203845977783,1,1
12.603890895843506,0,2
12.606494903564453,0,2
12.606517791748047,0,2
12.607699871063232,0,2
12.60772180557251,0,2
