Time,Dst,Type
0.0,0,3
0.04913902282714844,0,4
0.06914615631103516,0,5
0.08790707588195801,0,6
0.09508109092712402,0,6
0.09838700294494629,0,6
12.43893313407898,1,1
12.438966989517212,1,1
12.438974142074585,0,2
12.439809083938599,0,2
12.439848184585571,0,2
12.440956115722656,0,2
12.442421197891235,0,2
12.442452192306519,0,2
18.83162498474121,0,3
