Time,Dst,Type
0.0,0,1
9.059906005859375e-06,0,2
0.0006229877471923828,0,2
0.0006289482116699219,0,2
0.004374027252197266,0,3
0.004383087158203125,0,3
0.008942127227783203,0,4
0.015334129333496094,0,5
0.02603292465209961,0,6
0.060307979583740234,0,6
0.06245899200439453,0,6
0.06764602661132812,0,6
