Time,Dst,Type
0.0,0,1
9.059906005859375e-06,0,2
0.0017600059509277344,0,2
0.00177001953125,0,2
0.005576133728027344,0,3
0.006602048873901367,0,4
0.01429605484008789,0,5
0.032269954681396484,0,6
0.06937003135681152,0,6
0.07040095329284668,0,6
0.07972598075866699,0,6
0.08080697059631348,0,6
