Time,Dst,Type
0.0,0,1
1.0013580322265625e-05,0,2
0.0008940696716308594,0,2
0.0008990764617919922,0,2
0.003904104232788086,0,3
0.0039081573486328125,0,3
0.0086669921875,0,4
0.01569199562072754,0,5
0.0762181282043457,0,6
0.08474111557006836,0,6
