Time,Dst,Type
0.0,0,2
0.0010058879852294922,0,2
0.0010159015655517578,0,2
0.0041179656982421875,0,3
0.004128932952880859,0,3
0.007515907287597656,0,4
0.007530927658081055,0,4
0.007532835006713867,0,4
0.00893092155456543,0,4
0.008939981460571289,0,4
0.015909910202026367,0,5
0.026259899139404297,0,6
0.059329986572265625,0,6
0.0597538948059082,0,6
0.06655383110046387,0,6
