Time,Dst,Type
0.0,0,1
0.0013859272003173828,0,2
0.0013971328735351562,0,2
0.004187107086181641,0,3
0.0041959285736083984,0,3
0.007735013961791992,0,4
0.014655113220214844,0,5
0.029055118560791016,0,6
0.05745697021484375,0,6
0.058476924896240234,0,6
0.05849313735961914,0,6
0.06491899490356445,0,6
