Time,Dst,Type
0.0,0,1
0.0012118816375732422,0,2
0.0012218952178955078,0,2
0.00468897819519043,0,3
0.0066089630126953125,0,3
0.01642894744873047,0,5
0.027662992477416992,0,6
0.054682016372680664,0,6
0.05717587471008301,0,6
0.06099390983581543,0,6
