Time,Dst,Type
0.0,0,1
0.001898050308227539,0,2
0.0019040107727050781,0,2
0.002638101577758789,0,2
0.0049059391021728516,0,3
0.004909992218017578,0,3
0.010857105255126953,0,4
0.018175125122070312,0,5
0.03413510322570801,0,6
0.05457592010498047,0,6
0.058084964752197266,0,6
0.068572998046875,0,6
