Time,Dst,Type
0.0,0,1
0.0011348724365234375,0,2
0.002344846725463867,0,2
0.002349853515625,0,2
0.004247903823852539,0,3
0.004248857498168945,0,3
0.00797891616821289,0,4
0.015468835830688477,0,5
0.023345947265625,0,6
0.0605168342590332,0,6
0.06435990333557129,0,6
0.06910490989685059,0,6
