Time,Dst,Type
0.0,0,1
9.059906005859375e-06,0,2
0.001920938491821289,0,2
0.001931905746459961,0,2
0.0039038658142089844,0,3
0.003912925720214844,0,3
0.007144927978515625,0,4
0.012696027755737305,0,5
0.020027875900268555,0,6
0.05629706382751465,0,6
0.05836892127990723,0,6
0.06467604637145996,0,6
