Time,Dst,Type
0.0,0,1
0.009111881256103516,0,5
0.016644001007080078,0,6
0.01790595054626465,0,6
0.019078969955444336,0,6
0.02338695526123047,0,6
