Time,Dst,Type
0.0,0,1
0.001500844955444336,0,2
0.0015139579772949219,0,2
0.002959012985229492,0,2
0.002991914749145508,0,3
0.002998828887939453,0,3
0.003835916519165039,0,4
0.010473012924194336,0,5
0.023788928985595703,0,6
0.0238189697265625,0,6
0.025551795959472656,0,6
