Time,Dst,Type
0.0,0,1
2.9087066650390625e-05,0,2
0.0014140605926513672,0,2
0.0014340877532958984,0,3
0.002835988998413086,0,3
0.009031057357788086,0,5
0.02391195297241211,0,6
0.028455018997192383,0,6
0.030698060989379883,0,6
0.03422713279724121,0,6
