Time,Dst,Type
0.0,0,1
0.0012180805206298828,0,2
0.0012359619140625,0,2
0.004712104797363281,0,3
0.005702972412109375,0,3
0.009927034378051758,0,4
0.01767110824584961,0,5
0.018726110458374023,0,5
0.04052114486694336,0,6
0.04686117172241211,0,6
0.05460095405578613,0,6
0.05788707733154297,0,6
5.726178169250488,1,1
5.727736949920654,0,2
5.728832960128784,0,2
5.728863000869751,0,2
5.745973110198975,1,1
5.747426986694336,0,2
5.748471975326538,0,2
5.748520135879517,0,2
15.788302183151245,0,2
