Time,Dst,Type
0.0,0,2
0.0011639595031738281,0,2
0.0011899471282958984,0,2
0.004637002944946289,0,3
0.004673957824707031,0,3
0.008172988891601562,0,4
0.013747930526733398,0,5
0.020799875259399414,0,6
0.03333687782287598,0,6
0.03456592559814453,0,6
0.040045976638793945,0,6
