Time,Dst,Type
0.0,0,1
2.288818359375e-05,0,2
0.0012538433074951172,0,2
0.0012769699096679688,0,2
0.002653837203979492,0,3
0.0026798248291015625,0,3
0.006356000900268555,0,4
0.012910842895507812,0,5
0.021216869354248047,0,6
0.0271909236907959,0,6
0.028717994689941406,0,6
0.0327908992767334,0,6
