Time,Dst,Type
0.0,0,1
0.0012259483337402344,0,2
0.00125885009765625,0,2
0.008569002151489258,0,3
0.014313936233520508,0,4
0.021831989288330078,0,5
0.03413891792297363,0,6
0.052886962890625,0,6
0.054779052734375,0,6
0.058473825454711914,0,6
9.494329929351807,1,1
9.495591878890991,0,2
9.496580839157104,0,2
9.496598958969116,0,2
9.514024019241333,1,1
