Time,Dst,Type
0.0,0,1
4.0531158447265625e-06,0,2
0.0011529922485351562,0,2
0.0058689117431640625,0,3
0.012912988662719727,0,3
0.015459060668945312,0,4
0.02300095558166504,0,5
0.038446903228759766,0,6
0.059628963470458984,0,6
0.06562995910644531,0,6
9.353617906570435,1,1
9.356091976165771,0,2
19.404279947280884,1,1
19.404328107833862,1,1
19.405903100967407,0,2
19.406968116760254,0,2
19.40699791908264,0,2
19.43399405479431,1,1
19.43497395515442,1,1
19.43636202812195,0,2
19.436403036117554,0,2
