Time,Dst,Type
0.0,0,1
3.0040740966796875e-05,0,2
0.001049041748046875,0,2
0.0010590553283691406,0,2
0.005843162536621094,0,3
0.005880117416381836,0,3
0.010155200958251953,0,4
0.02632904052734375,0,5
0.02713799476623535,0,6
0.05736899375915527,0,6
0.06319117546081543,0,6
9.351985216140747,1,1
9.352933168411255,0,2
9.352968215942383,1,1
9.35299015045166,0,2
9.35429310798645,0,2
9.370858192443848,1,1
9.37148404121399,0,2
9.372606992721558,1,1
9.373877048492432,0,2
