Time,Dst,Type
0.0,0,1
2.6941299438476562e-05,0,2
0.0008080005645751953,0,2
0.0008358955383300781,0,2
0.000843048095703125,0,3
0.0030138492584228516,0,3
0.0057370662689208984,0,4
0.012126922607421875,0,5
0.02761101722717285,0,6
0.050572872161865234,0,6
0.05257105827331543,0,6
0.055108070373535156,0,6
9.341399908065796,1,1
9.341404914855957,0,2
9.343000888824463,0,2
9.343004941940308,0,2
9.360888004302979,1,1
9.3608980178833,0,2
9.362560033798218,0,2
9.362565994262695,0,2
