Time,Dst,Type
0.0,0,1
2.5987625122070312e-05,0,2
0.0014789104461669922,0,2
0.00150299072265625,0,3
0.0015099048614501953,0,2
0.0015158653259277344,0,3
0.005098819732666016,0,4
0.011692047119140625,0,5
0.023790836334228516,0,6
0.03529691696166992,0,6
0.03705096244812012,0,6
0.03973388671875,0,6
0.44844603538513184,0,2
0.448469877243042,0,2
1.4512438774108887,0,2
1.452077865600586,0,2
1.4521028995513916,0,2
