Time,Dst,Type
0.0,0,1
2.288818359375e-05,0,2
0.001088857650756836,0,2
0.0011048316955566406,0,3
0.0011119842529296875,0,3
0.005213022232055664,0,4
0.011786937713623047,0,5
0.02504706382751465,0,6
0.03581404685974121,0,6
0.03750205039978027,0,6
0.04028201103210449,0,6
0.39079904556274414,0,2
0.3908228874206543,0,2
0.3918459415435791,0,2
1.5033459663391113,0,2
1.5042169094085693,0,2
1.5042409896850586,0,2
