Time,Dst,Type
0.0,0,1
2.5033950805664062e-05,0,2
0.0008931159973144531,0,2
0.0009181499481201172,0,3
0.0009250640869140625,0,2
0.0019600391387939453,0,3
0.004491090774536133,0,4
0.01104116439819336,0,5
0.023252010345458984,0,6
0.03511404991149902,0,6
0.036707162857055664,0,6
0.03815007209777832,0,6
0.3850979804992676,0,2
0.38655614852905273,0,2
0.3865790367126465,0,2
1.700059175491333,0,2
1.7000839710235596,0,2
11.75712513923645,0,2
11.758305072784424,0,2
11.75833010673523,0,2
