Time,Dst,Type
0.0,0,1
0.0024328231811523438,0,2
0.0024518966674804688,0,3
0.003587961196899414,0,2
0.00595402717590332,0,4
0.012066841125488281,0,5
0.023020029067993164,0,6
0.04004383087158203,0,6
0.04522085189819336,0,6
9.871819019317627,1,1
9.871855020523071,1,1
