Time,Dst,Type
0.0,0,1
5.0067901611328125e-06,0,2
0.0015010833740234375,0,2
0.0015239715576171875,0,3
0.00152587890625,0,2
0.002605915069580078,0,3
0.004152059555053711,0,4
0.010736942291259766,0,5
0.03195691108703613,0,6
0.036936044692993164,0,6
0.03841590881347656,0,6
0.043569087982177734,0,6
0.3988199234008789,1,1
0.39885401725769043,0,2
0.4002249240875244,0,2
0.4016098976135254,0,2
1.6111109256744385,1,1
1.6111409664154053,0,2
1.6121349334716797,0,2
1.612152099609375,0,2
