Time,Dst,Type
0.0,0,1
1.0967254638671875e-05,0,2
0.0009489059448242188,0,2
0.0009598731994628906,0,3
0.0009629726409912109,0,2
0.0019969940185546875,0,3
0.004109859466552734,0,4
0.010824918746948242,0,5
0.01682591438293457,0,6
0.036041975021362305,0,6
0.03783082962036133,0,6
0.04149794578552246,0,6
0.3971679210662842,1,1
0.3985898494720459,0,2
0.3996608257293701,0,2
0.3996708393096924,0,2
1.4589109420776367,1,1
1.4600229263305664,0,2
1.460036039352417,0,2
1.4611148834228516,0,2
