Time,Dst,Type
0.0,0,1
8.106231689453125e-06,0,1
9.059906005859375e-06,0,1
0.0010380744934082031,0,2
0.0024530887603759766,0,2
0.002462148666381836,0,2
0.0038690567016601562,0,3
0.0038781166076660156,0,3
0.008793115615844727,0,4
0.01512002944946289,0,5
0.019739151000976562,0,6
0.03972911834716797,0,6
0.04145503044128418,0,6
0.045336008071899414,0,6
