Time,Dst,Type
0.0,0,1
2.5987625122070312e-05,0,2
0.0011439323425292969,0,2
0.001168966293334961,0,3
0.0011758804321289062,0,2
0.0011818408966064453,0,3
0.004872798919677734,0,4
0.010892868041992188,0,5
0.01675891876220703,0,6
0.03470492362976074,0,6
0.037071943283081055,0,6
0.04096078872680664,0,6
1.40012788772583,0,2
1.401122808456421,0,2
