Time,Dst,Type
0.0,0,1
0.001260995864868164,0,2
0.0012860298156738281,0,3
0.0012919902801513672,0,2
0.0012989044189453125,0,3
0.00498199462890625,0,4
0.011982917785644531,0,5
0.014827966690063477,0,6
0.035997867584228516,0,6
0.03741788864135742,0,6
0.04092693328857422,0,6
1.5700139999389648,0,2
1.5708470344543457,0,2
1.57088303565979,0,2
11.618853092193604,0,2
11.618876934051514,0,2
11.619834899902344,0,2
