Time,Dst,Type
0.0,0,1
2.384185791015625e-05,0,2
0.0008318424224853516,0,2
0.0008549690246582031,0,3
0.0008618831634521484,0,2
0.0021119117736816406,0,3
0.0043718814849853516,0,4
0.02608489990234375,0,6
0.03472781181335449,0,6
0.03657197952270508,0,6
0.03983783721923828,0,6
0.3603019714355469,0,2
0.36125802993774414,0,2
0.3623638153076172,0,2
1.2869129180908203,0,2
1.2882130146026611,0,2
1.2882359027862549,0,2
11.319330930709839,0,2
