Time,Dst,Type
0.0,0,1
0.0012359619140625,0,3
0.0012531280517578125,0,2
0.0012600421905517578,0,3
0.00751805305480957,0,4
0.014111995697021484,0,5
0.03446507453918457,0,6
0.03838300704956055,0,6
0.043238162994384766,0,6
0.40135908126831055,0,2
0.4022209644317627,0,2
1.6069800853729248,0,2
1.6076021194458008,0,2
1.6076240539550781,0,2
11.650858163833618,0,2
11.652382135391235,0,2
11.652408123016357,0,2
