Time,Dst,Type
0.0,0,1
2.193450927734375e-05,0,2
0.0010020732879638672,0,3
0.0010089874267578125,0,2
0.0023009777069091797,0,2
0.00232696533203125,0,3
0.004342079162597656,0,4
0.025908946990966797,0,6
0.03505706787109375,0,6
0.03613710403442383,0,6
0.04133009910583496,0,6
0.041337013244628906,0,6
0.04268002510070801,0,6
0.37226009368896484,0,2
0.37322497367858887,0,2
0.3732481002807617,0,2
1.4116871356964111,0,2
1.4125981330871582,0,2
11.475011110305786,0,2
11.475809097290039,0,2
