Time,Dst,Type
0.0,0,1
0.0008590221405029297,0,3
0.0069081783294677734,0,2
0.007826089859008789,0,2
0.007853984832763672,0,3
0.010863065719604492,0,4
0.016686201095581055,0,5
0.04062509536743164,0,6
0.046209096908569336,0,6
0.3966250419616699,0,2
0.39765000343322754,0,2
1.1851491928100586,0,2
1.1862821578979492,0,2
1.1863141059875488,0,2
11.230822086334229,0,2
11.231962203979492,0,2
11.231988191604614,0,2
