Time,Dst,Type
0.0,0,1
0.0011138916015625,0,2
0.0011339187622070312,0,2
0.004513978958129883,0,3
0.004524946212768555,0,3
0.007295846939086914,0,4
0.015501976013183594,0,5
0.033345937728881836,0,6
0.05051088333129883,0,6
0.05186581611633301,0,6
10.719262838363647,1,1
10.719287872314453,0,2
10.720863819122314,0,2
10.72209882736206,0,2
