Time,Dst,Type
0.0,0,1
0.0011911392211914062,0,2
0.001219034194946289,0,2
0.0022950172424316406,0,2
0.005561113357543945,0,3
0.005583047866821289,0,3
0.005589962005615234,0,3
0.008549928665161133,0,4
0.02567601203918457,0,6
0.06775712966918945,0,6
0.0693509578704834,0,6
0.07474803924560547,0,6
10.726315021514893,1,1
10.726325988769531,0,2
10.727229118347168,0,2
10.728249073028564,0,2
10.745995998382568,1,1
10.746015071868896,0,2
10.747305154800415,0,2
10.748485088348389,0,2
