Time,Dst,Type
0.0,0,1
0.00717616081237793,0,2
0.007186174392700195,0,2
0.010099172592163086,0,3
0.010104179382324219,0,3
0.013700008392333984,0,4
0.019843101501464844,0,5
0.029031038284301758,0,6
0.049035072326660156,0,6
0.05865907669067383,0,6
