Time,Dst,Type
0.0,0,1
1.0013580322265625e-05,0,2
0.0011088848114013672,0,2
0.0011179447174072266,0,2
0.005739927291870117,0,3
0.00574803352355957,0,3
0.009372949600219727,0,4
0.01673102378845215,0,5
0.029742002487182617,0,6
0.06471085548400879,0,6
0.06569385528564453,0,6
0.0727238655090332,0,6
