Time,Dst,Type
0.0,0,1
1.9073486328125e-06,0,2
0.0016260147094726562,0,2
0.0016369819641113281,0,2
0.002788066864013672,0,3
0.00385284423828125,0,3
0.0059969425201416016,0,4
0.006006002426147461,0,4
0.012502908706665039,0,5
0.030864953994750977,0,6
0.03489398956298828,0,6
0.037014007568359375,0,6
0.04085493087768555,0,6
