Time,Dst,Type
0.0,0,1
8.106231689453125e-06,0,2
0.0012619495391845703,0,2
0.0012710094451904297,0,2
0.0023779869079589844,0,3
0.0023789405822753906,0,3
0.004832029342651367,0,4
0.004856109619140625,0,4
0.013098955154418945,0,5
0.03045797348022461,0,6
0.03399991989135742,0,6
0.035598039627075195,0,6
0.0390169620513916,0,6
5.62737512588501,0,2
5.628377914428711,0,2
5.629461050033569,0,2
5.647386074066162,0,2
5.648843050003052,0,2
5.648867130279541,0,2
