Time,Dst,Type
0.0,0,1
1.0967254638671875e-05,0,1
0.0013020038604736328,0,1
0.0013048648834228516,0,1
0.003180980682373047,0,2
0.0031900405883789062,0,2
0.004576921463012695,0,2
0.004585981369018555,0,3
0.005745887756347656,0,3
0.007611989974975586,0,4
0.014860868453979492,0,5
0.017802953720092773,0,6
0.026161909103393555,0,6
0.031787872314453125,0,6
