Time,Dst,Type
0.0,0,1
9.059906005859375e-06,0,2
0.001035928726196289,0,2
0.0010459423065185547,0,2
0.0030689239501953125,0,3
0.003077983856201172,0,3
0.005436897277832031,0,4
0.012022972106933594,0,5
0.030096054077148438,0,6
0.034364938735961914,0,6
0.0363919734954834,0,6
0.04051709175109863,0,6
