Time,Dst,Type
0.0,0,1
0.0011639595031738281,0,2
0.0011730194091796875,0,2
0.0021708011627197266,0,2
0.0036399364471435547,0,3
0.003648996353149414,0,3
0.0036499500274658203,0,3
0.004705905914306641,0,3
0.0047149658203125,0,3
0.004715919494628906,0,3
0.00577998161315918,0,3
0.005787849426269531,0,3
0.005789995193481445,0,3
0.008692026138305664,0,4
0.015596866607666016,0,5
0.022374868392944336,0,6
0.02898097038269043,0,6
0.03129887580871582,0,6
0.03570389747619629,0,6
