Time,Dst,Type
0.0,0,1
4.0531158447265625e-06,0,1
0.0010619163513183594,0,2
0.0010690689086914062,0,2
0.0023958683013916016,0,2
0.0034220218658447266,0,3
0.005925893783569336,0,4
0.012824058532714844,0,5
0.015976905822753906,0,6
0.027998924255371094,0,6
0.029820919036865234,0,6
0.03377389907836914,0,6
5.782779932022095,0,2
5.784435033798218,0,2
5.7844438552856445,0,2
5.803390979766846,0,2
5.804410934448242,0,2
