Time,Dst,Type
0.0,0,1
9.5367431640625e-07,0,2
0.0009198188781738281,0,2
0.0009288787841796875,0,2
0.0030379295349121094,0,3
0.0030469894409179688,0,3
0.0030488967895507812,0,3
0.005842924118041992,0,4
0.013204813003540039,0,5
0.0244448184967041,0,6
0.03114485740661621,0,6
0.03294086456298828,0,6
0.03773093223571777,0,6
