Time,Dst,Type
0.0,0,1
8.821487426757812e-06,0,2
0.0017368793487548828,0,3
0.0017719268798828125,0,3
0.004959821701049805,0,4
0.011384010314941406,0,5
0.0256040096282959,0,6
0.029477834701538086,0,6
0.03081679344177246,0,6
0.0322878360748291,0,6
0.03871488571166992,0,6
