Time,Dst,Type
0.0,0,1
0.0017688274383544922,0,2
0.0017778873443603516,0,3
0.0017800331115722656,0,2
0.0030069351196289062,0,2
0.0030159950256347656,0,3
0.005242824554443359,0,4
0.012040853500366211,0,5
0.01985001564025879,0,6
0.026059865951538086,0,6
0.027781963348388672,0,6
0.02999091148376465,0,6
0.032547950744628906,0,6
5.719035863876343,0,2
5.72137188911438,0,2
5.721377849578857,0,2
