Time,Dst,Type
0.0,0,1
0.001207113265991211,0,2
0.0012121200561523438,0,2
0.0022721290588378906,0,3
0.002279996871948242,0,3
0.005785942077636719,0,4
0.012350082397460938,0,5
0.022669076919555664,0,6
0.027656078338623047,0,6
0.030857086181640625,0,6
0.03544211387634277,0,6
