Time,Dst,Type
0.0,0,1
8.106231689453125e-06,0,2
0.0012500286102294922,0,2
0.0012590885162353516,0,2
0.002660989761352539,0,3
0.0026700496673583984,0,3
0.0026710033416748047,0,3
0.003668069839477539,0,3
0.0036771297454833984,0,3
0.005450010299682617,0,4
0.0054590702056884766,0,3
0.012180089950561523,0,5
0.027200937271118164,0,6
0.03148794174194336,0,6
0.032707929611206055,0,6
0.03408002853393555,0,6
0.03556108474731445,0,6
0.04133009910583496,0,6
