Time,Dst,Type
0.0,0,2
0.011950016021728516,0,3
0.011970996856689453,0,3
0.022584915161132812,0,5
0.038810014724731445,0,6
0.4030919075012207,1,1
