Time,Dst,Type
0.0,1,1
0.20876216888427734,0,2
0.20879220962524414,0,3
0.2088000774383545,0,3
0.21036005020141602,0,4
0.21284914016723633,0,4
0.21377205848693848,0,4
0.22000408172607422,0,5
0.23544907569885254,0,6
0.24551010131835938,0,6
0.24883317947387695,0,6
0.2524712085723877,0,6
0.25247621536254883,0,6
0.25247907638549805,0,6
0.253892183303833,0,6
0.2539050579071045,0,6
9.985384225845337,0,2
9.985411167144775,0,2
9.986947059631348,0,2
