Time,Dst,Type
0.0,1,1
0.020862102508544922,1,1
0.02090907096862793,0,2
0.022391080856323242,0,2
0.02369999885559082,0,2
0.16012907028198242,0,1
0.16013407707214355,0,3
0.16132903099060059,0,2
0.1613600254058838,0,2
0.16263318061828613,0,2
0.16265511512756348,0,3
0.16490817070007324,0,4
0.19590997695922852,0,6
0.1969301700592041,0,6
0.199599027633667,0,6
0.9640209674835205,0,2
0.965522050857544,0,2
1.2126569747924805,0,4
