Time,Dst,Type
0.0,1,1
0.0012519359588623047,0,2
0.002438068389892578,0,2
0.020926952362060547,0,2
0.022183895111083984,0,2
0.02222299575805664,0,2
0.14549493789672852,0,1
0.1455090045928955,0,2
0.14672303199768066,0,2
0.1467270851135254,0,3
0.14910006523132324,0,4
0.15564393997192383,0,5
0.16693902015686035,0,6
0.17737197875976562,0,6
0.17939400672912598,0,6
0.18254303932189941,0,6
0.9385459423065186,1,1
9.974484920501709,1,1
9.974504947662354,0,2
9.976015090942383,0,2
