Time,Dst,Type
0.0,1,1
1.621246337890625e-05,0,2
0.0010020732879638672,0,2
0.0010180473327636719,0,2
0.020942211151123047,0,3
0.020952224731445312,0,3
0.023226022720336914,0,4
0.030148029327392578,0,5
0.036518096923828125,0,6
0.03654313087463379,0,6
0.03912711143493652,0,6
0.03917717933654785,0,6
4.1364030838012695,1,1
4.137653112411499,0,2
4.137676000595093,0,2
4.138528108596802,0,2
4.191917181015015,1,1
4.191939115524292,0,2
