Time,Dst,Type
0.0,1,1
0.000988006591796875,0,2
0.002579927444458008,0,2
0.002604961395263672,0,2
0.025706052780151367,0,3
0.0292661190032959,0,4
0.03631091117858887,0,5
0.051531076431274414,0,6
0.053314924240112305,0,6
0.05779004096984863,0,6
4.126820087432861,1,1
4.127860069274902,0,2
4.1288840770721436,0,2
4.128907918930054,0,2
4.183135986328125,1,1
4.183166980743408,0,2
4.184128046035767,0,2
