Time,Dst,Type
0.0,1,1
3.0040740966796875e-05,0,2
0.0012128353118896484,0,2
0.001241922378540039,0,2
0.021356821060180664,0,3
0.02201390266418457,0,3
0.023649930953979492,0,4
0.030592918395996094,0,5
0.04754805564880371,0,6
0.047577857971191406,0,6
0.05005502700805664,0,6
0.05011105537414551,0,6
0.05309796333312988,0,6
4.160223960876465,0,2
4.160238027572632,0,2
4.16173791885376,0,2
4.216516017913818,1,1
4.216545820236206,0,2
4.218117952346802,0,2
4.218145847320557,0,2
