Time,Dst,Type
0.0,1,1
0.005755901336669922,0,2
0.0057849884033203125,0,2
0.011477947235107422,1,1
0.013376951217651367,0,2
0.01340484619140625,0,2
0.026378870010375977,0,4
0.034149885177612305,0,5
0.05573892593383789,0,6
0.09964704513549805,0,6
0.10209083557128906,0,6
0.10312986373901367,0,6
4.140291929244995,1,1
4.164883852005005,0,2
4.16608190536499,0,2
