Time,Dst,Type
0.0,1,1
0.0014011859893798828,0,2
0.0014221668243408203,0,2
0.0030851364135742188,0,2
0.02295398712158203,0,3
0.02297806739807129,0,3
0.02411818504333496,0,4
0.03029918670654297,0,5
0.04999804496765137,0,6
0.05124211311340332,0,6
4.129379034042358,1,1
4.130460977554321,0,2
4.130475044250488,0,2
4.132122993469238,0,2
4.184679985046387,1,1
4.1859869956970215,0,2
4.186014175415039,0,2
