Time,Dst,Type
0.0,1,1
2.9802322387695312e-05,0,2
0.0011138916015625,0,2
0.0011370182037353516,0,2
0.021030902862548828,0,3
0.02105998992919922,0,3
0.02285289764404297,0,4
0.029361963272094727,0,5
0.033867835998535156,0,6
0.03481101989746094,0,6
0.03682684898376465,0,6
0.036891937255859375,0,6
4.155273914337158,1,1
4.155298948287964,0,2
4.156210899353027,0,2
4.156230926513672,0,2
