Time,Dst,Type
0.0,1,1
1.3113021850585938e-05,0,2
0.0010361671447753906,0,2
0.0010471343994140625,0,2
0.02109503746032715,0,3
0.021108150482177734,0,3
0.021976232528686523,0,3
0.023382186889648438,0,4
0.03273606300354004,0,6
0.03403306007385254,0,6
0.035445213317871094,0,6
0.03547811508178711,0,6
4.11779522895813,1,1
4.119046211242676,0,2
4.120019197463989,0,2
4.177821159362793,1,1
4.177846193313599,0,2
4.179126024246216,0,2
4.182739019393921,0,2
