Time,Dst,Type
0.0,0,1
9.059906005859375e-06,0,2
1.0013580322265625e-05,0,3
0.0011260509490966797,0,2
0.001135110855102539,0,2
0.0022101402282714844,0,3
0.0059299468994140625,0,4
0.012133121490478516,0,5
0.028084993362426758,0,6
0.06048417091369629,0,6
0.06160902976989746,0,6
0.06790304183959961,0,6
10.610111951828003,0,2
10.611084938049316,0,2
10.612727165222168,0,2
10.639556169509888,0,2
10.641102075576782,0,2
10.641107082366943,0,2
