Time,Dst,Type
0.0,0,1
9.5367431640625e-07,0,2
0.0015060901641845703,0,2
0.005958080291748047,0,3
0.005960941314697266,0,3
0.008976936340332031,0,4
0.01537013053894043,0,5
0.030412912368774414,0,6
0.05740809440612793,0,6
0.05906391143798828,0,6
0.06386995315551758,0,6
10.61956000328064,0,2
10.620858907699585,0,2
10.620863914489746,0,2
10.638220071792603,0,2
10.63955807685852,0,2
