Time,Dst,Type
0.0,0,1
7.867813110351562e-06,0,1
0.0009679794311523438,0,1
0.0009770393371582031,0,2
0.002032041549682617,0,2
0.0020380020141601562,0,3
0.012945890426635742,0,5
0.023366928100585938,0,6
0.056645870208740234,0,6
0.05918097496032715,0,6
0.0643768310546875,0,6
10.746968030929565,0,2
10.748036861419678,0,2
10.748046875,0,2
