Time,Dst,Type
0.0,0,1
4.0531158447265625e-06,0,2
0.0015358924865722656,0,2
0.001544952392578125,0,2
0.006082057952880859,0,3
0.007209062576293945,0,3
0.007217884063720703,0,3
0.009431838989257812,0,4
0.01596999168395996,0,5
0.025950908660888672,0,6
0.06265401840209961,0,6
0.06439590454101562,0,6
0.07052302360534668,0,6
10.613066911697388,0,2
10.614058017730713,0,2
10.61539101600647,0,2
