Time,Dst,Type
0.0,0,1
2.384185791015625e-05,0,2
3.2901763916015625e-05,0,3
0.0015869140625,0,2
0.0015909671783447266,0,3
0.004560947418212891,0,4
0.012083053588867188,0,5
0.01531982421875,0,6
0.052971839904785156,0,6
0.05442500114440918,0,6
0.05947303771972656,0,6
10.625277042388916,0,2
10.625279903411865,0,2
10.626359939575195,0,2
