Time,Dst,Type
0.0,0,1
2.6941299438476562e-05,0,2
0.0012850761413574219,0,2
0.0012900829315185547,0,3
0.0012919902801513672,0,2
0.0023200511932373047,0,3
0.006742000579833984,0,4
0.01282191276550293,0,5
0.016741037368774414,0,6
0.054273128509521484,0,6
0.055989980697631836,0,6
0.06036806106567383,0,6
10.514604091644287,0,2
10.515767097473145,0,2
10.51680302619934,0,2
