Time,Dst,Type
0.0,0,1
4.0531158447265625e-06,0,2
0.0011680126190185547,0,2
0.0011811256408691406,0,2
0.006886005401611328,0,3
0.0068950653076171875,0,3
0.010120153427124023,0,4
0.01633596420288086,0,5
0.02712106704711914,0,6
0.04841899871826172,0,6
0.059530019760131836,0,6
10.6021249294281,0,2
10.602134943008423,0,2
10.603557109832764,0,2
10.615131139755249,0,2
10.61669111251831,0,2
10.617835998535156,0,2
