Time,Dst,Type
0.0,0,1
8.106231689453125e-06,0,1
0.001291036605834961,0,3
0.0013000965118408203,0,2
0.042051076889038086,0,6
0.05144810676574707,0,6
0.41760706901550293,1,1
0.4176321029663086,0,2
0.4186100959777832,0,2
0.4196779727935791,0,2
1.308974027633667,1,1
1.3100309371948242,0,2
1.3111820220947266,0,2
