Time,Dst,Type
0.0,0,1
0.0019981861114501953,0,2
0.00203704833984375,0,3
0.002044200897216797,0,2
0.002608060836791992,0,2
0.002644062042236328,0,3
0.004970073699951172,0,4
0.012589216232299805,0,5
0.025294065475463867,0,6
0.03137016296386719,0,6
0.03325915336608887,0,6
0.03633713722229004,0,6
0.3779900074005127,1,1
0.3792290687561035,0,2
0.379256010055542,0,2
0.3802211284637451,0,2
1.2129101753234863,1,1
1.2172369956970215,0,2
1.2172820568084717,0,2
1.218299150466919,0,2
