Time,Dst,Type
0.0,0,2
0.0012459754943847656,0,2
0.0012750625610351562,0,3
0.0012810230255126953,0,3
0.0012879371643066406,0,3
0.004082918167114258,0,4
0.010626077651977539,0,5
0.02475905418395996,0,6
0.031074047088623047,0,6
0.032759904861450195,0,6
0.03574705123901367,0,6
0.3551199436187744,1,1
0.35515308380126953,0,2
0.35652899742126465,0,2
0.3573319911956787,0,2
1.2000019550323486,1,1
1.2000370025634766,0,2
1.2011098861694336,0,2
1.2011361122131348,0,2
