Time,Dst,Type
0.0,0,2
7.867813110351562e-06,0,3
0.0006308555603027344,0,2
0.007452964782714844,0,2
0.0074808597564697266,0,3
0.009598970413208008,0,4
0.016633033752441406,0,5
0.03249692916870117,0,6
0.03639793395996094,0,6
0.0384979248046875,0,6
0.0412290096282959,0,6
0.41355085372924805,0,2
0.4149959087371826,0,2
0.41616106033325195,0,2
1.2785758972167969,1,1
1.2798669338226318,0,2
1.2798938751220703,0,2
