Time,Dst,Type
0.0,0,1
0.001096963882446289,0,2
0.0011110305786132812,0,2
0.001116037368774414,0,3
0.0024039745330810547,0,2
0.002424001693725586,0,3
0.00465703010559082,0,4
0.01158285140991211,0,5
0.018314838409423828,0,6
0.031108856201171875,0,6
0.03248095512390137,0,6
0.035943031311035156,0,6
0.36841583251953125,1,1
0.3684518337249756,0,2
0.37006092071533203,0,2
0.3700888156890869,0,2
1.2202768325805664,1,1
1.2203049659729004,0,2
1.2211899757385254,0,2
1.222282886505127,0,2
