Time,Dst,Type
0.0,0,1
0.0009930133819580078,0,2
0.0010190010070800781,0,2
0.001026153564453125,0,3
0.0027260780334472656,0,2
0.0027551651000976562,0,3
0.0041351318359375,0,4
0.010985136032104492,0,5
0.021097183227539062,0,6
0.031075000762939453,0,6
0.03279519081115723,0,6
0.036123037338256836,0,6
0.3904690742492676,1,1
0.3904891014099121,0,2
0.3915131092071533,0,2
0.392780065536499,0,2
1.2589190006256104,1,1
1.2589502334594727,0,2
1.260176181793213,0,2
1.2602031230926514,0,2
