Time,Dst,Type
0.0,0,1
3.409385681152344e-05,0,2
0.0012619495391845703,0,3
0.0012879371643066406,0,2
0.010268926620483398,0,5
0.014322996139526367,0,6
0.02985405921936035,0,6
0.03205990791320801,0,6
0.0321199893951416,0,6
0.03499102592468262,0,6
0.48816990852355957,1,1
0.4894719123840332,0,2
0.4894979000091553,0,2
0.49126696586608887,0,2
1.2273130416870117,1,1
1.227334976196289,0,2
1.2284340858459473,0,2
1.2284541130065918,0,2
