Time,Dst,Type
0.0,0,1
0.0008769035339355469,0,2
0.0009047985076904297,0,3
0.0009129047393798828,0,2
0.0022377967834472656,0,2
0.0022678375244140625,0,3
0.003713846206665039,0,4
0.010568857192993164,0,5
0.018191814422607422,0,6
0.029977798461914062,0,6
0.031807899475097656,0,6
0.38890981674194336,0,2
0.39025187492370605,0,2
1.3189518451690674,1,1
1.3190138339996338,0,2
1.319983959197998,0,2
1.3200078010559082,0,2
