Time,Dst,Type
0.0,0,1
0.0009491443634033203,0,2
0.0009801387786865234,0,3
0.0021140575408935547,0,2
0.002146005630493164,0,3
0.004616975784301758,0,4
0.01459813117980957,0,6
0.03255605697631836,0,6
0.035894155502319336,0,6
0.37336111068725586,1,1
0.3756539821624756,0,2
0.37569308280944824,0,2
1.1754021644592285,1,1
1.1754231452941895,0,2
1.1771149635314941,0,2
