Time,Dst,Type
0.0,1,1
3.3855438232421875e-05,0,2
0.0008578300476074219,0,2
0.0008969306945800781,0,2
