Time,Dst,Type
0.0,0,1
2.384185791015625e-05,0,2
0.0012090206146240234,0,2
0.0012319087982177734,0,3
0.0012400150299072266,0,2
0.003409862518310547,0,4
0.010413885116577148,0,5
0.01581883430480957,0,6
0.028766870498657227,0,6
0.03162789344787598,0,6
0.03531002998352051,0,6
0.43032288551330566,1,1
0.43035292625427246,0,2
0.43132495880126953,0,2
0.43135881423950195,0,2
1.2996790409088135,1,1
1.299710988998413,0,2
1.3005328178405762,0,2
1.3017029762268066,0,2
