Time,Dst,Type
0.0,0,3
2.5033950805664062e-05,0,3
0.0023300647735595703,0,4
0.008716106414794922,0,5
0.021703004837036133,0,6
