Time,Dst,Type
0.0,0,2
0.0011911392211914062,0,2
0.0012180805206298828,0,2
0.022057056427001953,0,3
0.05492115020751953,0,6
0.056260108947753906,0,6
0.05836892127990723,0,6
0.06032609939575195,0,6
