Time,Dst,Type
0.0,0,2
3.314018249511719e-05,0,2
0.02271294593811035,0,3
0.02274608612060547,0,3
0.023667097091674805,0,4
0.03586602210998535,0,6
0.03819704055786133,0,6
