Time,Dst,Type
0.0,0,2
0.0011019706726074219,0,2
0.0011279582977294922,0,2
0.02378702163696289,0,3
0.023814916610717773,0,3
0.03160881996154785,0,5
0.04729294776916504,0,6
0.048245906829833984,0,6
0.04946589469909668,0,6
