Time,Dst,Type
0.0,0,2
6.9141387939453125e-06,0,2
0.021937847137451172,0,3
0.021964073181152344,0,3
0.029101848602294922,0,5
0.04980587959289551,0,6
0.05158185958862305,0,6
