Time,Dst,Type
0.0,0,2
0.0009069442749023438,0,2
0.0009329319000244141,0,2
0.02432703971862793,0,3
0.024363994598388672,0,3
0.02569890022277832,0,4
0.03165483474731445,0,5
0.0349578857421875,0,6
0.03611588478088379,0,6
0.037428855895996094,0,6
0.03934001922607422,0,6
