Time,Dst,Type
0.0,0,2
3.0040740966796875e-05,0,2
0.0012650489807128906,0,2
0.02527594566345215,0,3
0.025305986404418945,0,4
0.04654693603515625,0,6
0.047332048416137695,0,6
0.04860806465148926,0,6
0.04983210563659668,0,6
