Time,Dst,Type
0.0,0,2
0.0008730888366699219,0,2
0.0009100437164306641,0,2
0.022961139678955078,0,3
0.022988080978393555,0,3
0.024114131927490234,0,4
0.030663013458251953,0,5
0.04852914810180664,0,6
