Time,Dst,Type
0.0,0,2
0.0015130043029785156,0,2
0.02458477020263672,0,3
0.024611949920654297,0,3
0.025578975677490234,0,4
0.03178882598876953,0,5
0.039621829986572266,0,6
0.041023969650268555,0,6
0.04447197914123535,0,6
