Time,Dst,Type
0.0,0,2
1.9073486328125e-05,0,2
0.0010530948638916016,0,2
0.023298025131225586,0,3
0.023324966430664062,0,3
0.0241391658782959,0,4
0.02982306480407715,0,5
0.0381770133972168,0,6
0.03952598571777344,0,6
0.04064798355102539,0,6
