Time,Dst,Type
0.0,0,2
0.022436141967773438,0,3
0.022459983825683594,0,3
0.023370981216430664,0,4
0.03015899658203125,0,5
0.04047513008117676,0,6
0.04164910316467285,0,6
0.043331146240234375,0,6
