Time,Dst,Type
0.0,0,2
0.0009279251098632812,0,2
0.0009548664093017578,0,2
0.022996902465820312,0,3
0.02494978904724121,0,4
0.030859947204589844,0,5
0.0413517951965332,0,6
0.04222583770751953,0,6
0.04377579689025879,0,6
