Time,Dst,Type
0.0,0,2
0.0007719993591308594,0,2
0.023135900497436523,0,3
0.023161888122558594,0,3
0.0243380069732666,0,4
0.030900955200195312,0,5
0.05237102508544922,0,6
0.05424690246582031,0,6
