Time,Dst,Type
0.0,0,1
1.71661376953125e-05,0,2
0.0011870861053466797,0,3
0.0012040138244628906,0,2
0.0012111663818359375,0,3
0.004839181900024414,0,4
0.0048639774322509766,0,4
0.011172056198120117,0,5
0.04131317138671875,0,6
11.46110200881958,0,2
11.461954116821289,0,2
11.463340044021606,0,2
