Time,Dst,Type
0.0,0,1
2.4080276489257812e-05,0,2
0.0010111331939697266,0,2
0.0010349750518798828,0,3
0.0010411739349365234,0,2
0.010866165161132812,0,5
0.015438079833984375,0,6
0.03599095344543457,0,6
0.037525177001953125,0,6
0.040789127349853516,0,6
0.4296410083770752,0,2
1.3016090393066406,0,2
1.3025569915771484,0,2
1.3025810718536377,0,2
11.372480154037476,0,2
11.373435974121094,0,2
11.3734610080719,0,2
