Time,Dst,Type
0.0,0,1
2.5987625122070312e-05,0,2
0.0010421276092529297,0,2
0.001068115234375,0,2
0.0010750293731689453,0,3
0.004614114761352539,0,4
0.011275053024291992,0,5
0.021291017532348633,0,6
0.03605008125305176,0,6
0.03712606430053711,0,6
0.04166913032531738,0,6
1.354783058166504,0,2
1.3559811115264893,0,2
1.3560080528259277,0,2
11.40162706375122,0,2
11.40165400505066,0,2
11.402549028396606,0,2
