Time,Dst,Type
0.0,0,1
0.0008962154388427734,0,3
0.0009191036224365234,0,3
0.0025200843811035156,0,2
0.003787994384765625,0,2
0.0038111209869384766,0,3
0.007012128829956055,0,4
0.013261079788208008,0,5
0.028869152069091797,0,6
0.03660702705383301,0,6
0.04203009605407715,0,6
0.3680391311645508,0,2
11.332736015319824,0,2
11.333689212799072,0,2
11.33371615409851,0,2
