Time,Dst,Type
0.0,0,1
2.6941299438476562e-05,0,2
0.001138925552368164,0,2
0.0048999786376953125,0,3
0.004927158355712891,0,3
0.007693052291870117,0,4
0.014286994934082031,0,5
0.02004694938659668,0,6
0.051666975021362305,0,6
0.05295205116271973,0,6
0.0617220401763916,0,6
12.36861801147461,1,1
12.368649005889893,0,2
12.369431018829346,0,2
12.369466066360474,0,2
22.432496070861816,1,1
22.4325270652771,0,2
22.43403911590576,0,2
22.434077978134155,0,2
