Time,Dst,Type
0.0,0,1
4.100799560546875e-05,0,2
4.792213439941406e-05,0,3
0.0009140968322753906,0,2
0.0022230148315429688,0,2
0.002254962921142578,0,3
0.006143093109130859,0,4
0.012957096099853516,0,5
0.019984006881713867,0,6
0.05273103713989258,0,6
0.054368019104003906,0,6
0.05881810188293457,0,6
11.900486946105957,1,1
11.900516986846924,0,2
11.902024984359741,0,2
11.90206003189087,0,2
21.78459405899048,1,1
21.786139011383057,0,2
21.786174058914185,0,2
21.787193059921265,0,2
