Time,Dst,Type
0.0,0,1
0.0012850761413574219,0,2
0.002248048782348633,0,2
0.003523111343383789,0,3
0.003529071807861328,0,3
0.0057849884033203125,0,4
0.013319015502929688,0,5
0.029382944107055664,0,6
0.07111406326293945,0,6
0.07253599166870117,0,6
0.07583808898925781,0,6
12.428783893585205,1,1
12.428798913955688,0,2
12.429744958877563,0,2
12.430989980697632,0,2
22.382896900177002,1,1
22.382914066314697,0,2
22.384310960769653,0,2
22.385520935058594,0,2
