Time,Dst,Type
0.0,1,1
0.0011119842529296875,0,2
0.0011398792266845703,0,2
0.002071857452392578,0,2
0.02339482307434082,0,3
0.023401975631713867,0,3
0.025497913360595703,0,4
0.04543590545654297,0,6
0.04674696922302246,0,6
0.04824995994567871,0,6
