Time,Dst,Type
0.0,1,1
3.0994415283203125e-05,0,2
0.0009257793426513672,0,2
0.0009539127349853516,0,2
0.022987842559814453,0,3
0.02301478385925293,0,3
0.02589893341064453,0,4
0.03254199028015137,0,5
0.03844499588012695,0,6
0.04046177864074707,0,6
0.04354596138000488,0,6
0.04486584663391113,0,6
