Time,Dst,Type
0.0,1,1
3.409385681152344e-05,0,2
0.000843048095703125,0,2
0.0230710506439209,0,3
0.023101091384887695,0,3
0.02469801902770996,0,4
0.03047919273376465,0,5
0.04100513458251953,0,6
0.04227900505065918,0,6
0.043595075607299805,0,6
0.04362297058105469,0,6
0.04514718055725098,0,6
