Time,Dst,Type
0.0,1,1
1.5020370483398438e-05,0,2
1.9073486328125e-05,0,2
0.0010669231414794922,0,2
0.025995969772338867,0,4
0.0331120491027832,0,5
0.045989990234375,0,6
0.04702496528625488,0,6
0.04888510704040527,0,6
0.04891395568847656,0,6
