Time,Dst,Type
0.0,0,3
8.106231689453125e-06,0,3
0.0017881393432617188,0,4
0.008727073669433594,0,5
0.02060103416442871,0,6
0.026531219482421875,0,6
0.028261184692382812,0,6
0.03393912315368652,0,6
0.03396201133728027,0,6
