Time,Dst,Type
0.0,1,1
1.4781951904296875e-05,0,2
0.0014028549194335938,0,2
0.0014188289642333984,0,2
0.02316594123840332,0,3
0.024011850357055664,0,3
0.025180816650390625,0,4
0.02622389793395996,0,4
0.03312182426452637,0,5
0.05156278610229492,0,6
0.05344891548156738,0,6
0.05452680587768555,0,6
0.05628085136413574,0,6
