Time,Dst,Type
0.0,1,1
2.7894973754882812e-05,0,2
0.0008220672607421875,0,2
0.0008499622344970703,0,2
0.023591995239257812,0,3
0.024708986282348633,0,3
0.025814056396484375,0,4
0.03320002555847168,0,5
0.04034900665283203,0,6
0.04183697700500488,0,6
0.0433039665222168,0,6
0.04336094856262207,0,6
