Time,Dst,Type
0.0,1,1
3.719329833984375e-05,0,2
0.0009322166442871094,0,2
0.0009660720825195312,0,2
0.07195711135864258,0,3
0.07198810577392578,0,3
0.07381105422973633,0,4
0.08017921447753906,0,5
0.09017705917358398,0,6
0.09287810325622559,0,6
0.09486818313598633,0,6
