Time,Dst,Type
0.0,1,1
0.0012278556823730469,0,2
0.0012559890747070312,0,2
0.0022788047790527344,0,2
0.025442838668823242,0,4
0.03337502479553223,0,5
0.043627023696899414,0,6
0.04519391059875488,0,6
0.04688286781311035,0,6
0.05252385139465332,0,6
