Time,Dst,Type
0.0,0,1
0.0011060237884521484,0,2
0.0011148452758789062,0,2
0.007002830505371094,0,3
0.0070040225982666016,0,3
0.011307001113891602,0,4
0.017238855361938477,0,5
0.02072286605834961,0,6
0.08485794067382812,0,6
0.08680295944213867,0,6
0.09171080589294434,0,6
10.669090032577515,0,2
10.670409917831421,0,2
10.670413970947266,0,2
