Time,Dst,Type
0.0,0,1
6.9141387939453125e-06,0,2
0.001135110855102539,0,2
0.0011401176452636719,0,2
0.007460117340087891,0,3
0.008620023727416992,0,3
0.011085987091064453,0,4
0.017781972885131836,0,5
0.027627944946289062,0,6
0.09867191314697266,0,6
10.71120309829712,0,2
10.71214509010315,0,2
10.71215009689331,0,2
10.731668949127197,0,2
10.732924938201904,0,2
10.73293399810791,0,2
20.827439069747925,0,2
20.829560041427612,0,2
20.829570055007935,0,2
