Time,Dst,Type
0.0,0,1
0.001010894775390625,0,2
0.002505779266357422,0,2
0.002507925033569336,0,2
0.008645772933959961,0,3
0.008648872375488281,0,3
0.012008905410766602,0,4
0.017723798751831055,0,5
0.034976959228515625,0,6
0.09035491943359375,0,6
0.09157776832580566,0,6
0.09547591209411621,0,6
10.704425811767578,0,2
10.705423831939697,0,2
10.705428838729858,0,2
10.724469900131226,0,2
10.725416898727417,0,2
10.725421905517578,0,2
