Time,Dst,Type
0.0,0,1
0.0018968582153320312,0,2
0.008328914642333984,0,3
0.008330821990966797,0,3
0.011770009994506836,0,4
0.01880788803100586,0,5
0.0290679931640625,0,6
0.0810239315032959,0,6
0.08908891677856445,0,6
0.09286284446716309,0,6
10.681128025054932,0,2
10.682224988937378,0,2
10.700440883636475,0,2
10.702132940292358,0,2
10.70215892791748,0,2
20.732823848724365,0,2
20.733949899673462,0,2
20.73523998260498,0,2
20.752208948135376,0,2
20.753387928009033,0,2
20.754523992538452,0,2
