Time,Dst,Type
0.0,0,1
0.001222848892211914,0,2
0.0022449493408203125,0,2
0.002254962921142578,0,3
0.0035169124603271484,0,3
0.038797855377197266,0,5
0.03984785079956055,0,6
0.11295199394226074,0,6
0.11520004272460938,0,6
0.11920595169067383,0,6
10.729269027709961,0,2
10.730545997619629,0,2
10.731665849685669,0,2
10.748919010162354,0,2
10.753322839736938,0,2
