Time,Dst,Type
0.0,0,1
8.821487426757812e-06,0,2
0.001470804214477539,0,2
0.00786900520324707,0,3
0.007878780364990234,0,3
0.01173090934753418,0,4
0.018045902252197266,0,5
0.03592681884765625,0,6
0.08910799026489258,0,6
0.090789794921875,0,6
0.0971529483795166,0,6
10.702677011489868,0,2
10.703866004943848,0,2
10.721740007400513,0,2
10.722880840301514,0,2
10.722884893417358,0,2
