Time,Dst,Type
0.0,0,1
8.106231689453125e-06,0,2
0.001024007797241211,0,2
0.0010330677032470703,0,2
0.008826017379760742,0,3
0.008835077285766602,0,3
0.011837005615234375,0,4
0.01728200912475586,0,5
0.031198978424072266,0,6
0.05259990692138672,0,6
0.05483508110046387,0,6
0.09224796295166016,0,6
10.673099994659424,0,2
10.67310905456543,0,2
10.691118001937866,0,2
10.692151069641113,0,2
10.692156076431274,0,2
