Time,Dst,Type
0.0,0,2
0.0009169578552246094,0,3
0.0025599002838134766,0,3
0.015316009521484375,0,6
0.018187999725341797,0,6
0.01819896697998047,0,6
0.01977396011352539,0,6
