Time,Dst,Type
0.0,0,1
8.821487426757812e-06,0,2
0.007658958435058594,0,3
0.016768932342529297,0,2
0.01677083969116211,0,3
0.017543792724609375,0,3
0.01967787742614746,0,4
0.029770851135253906,0,5
0.04178190231323242,0,6
0.0436558723449707,0,6
0.04770493507385254,0,6
0.06608796119689941,0,6
0.07249689102172852,0,6
0.07375478744506836,0,6
0.08173084259033203,0,6
0.08173298835754395,0,6
0.08519196510314941,0,6
