Time,Dst,Type
0.0,0,2
0.001561880111694336,0,2
0.005908012390136719,0,3
0.007539987564086914,0,3
0.017186880111694336,0,5
0.023708105087280273,0,6
0.046276092529296875,0,6
0.04957103729248047,0,6
8.766448020935059,0,2
8.767452955245972,0,2
8.768431901931763,0,2
