Time,Dst,Type
0.0,1,1
3.504753112792969e-05,0,2
0.0012438297271728516,0,2
0.001271963119506836,0,2
0.04442596435546875,0,3
0.04445600509643555,0,3
0.04518699645996094,0,4
0.06664299964904785,0,6
0.06667590141296387,0,6
0.06781291961669922,0,6
0.06993603706359863,0,6
0.07091999053955078,0,6
