Time,Dst,Type
0.0,1,1
3.0040740966796875e-05,0,2
0.0016489028930664062,0,2
0.04429006576538086,0,3
0.04431509971618652,0,3
0.045330047607421875,0,4
0.05185890197753906,0,5
0.0655059814453125,0,6
0.06695294380187988,0,6
0.06913304328918457,0,6
0.07091307640075684,0,6
