Time,Dst,Type
0.0,1,1
2.7179718017578125e-05,0,2
0.0009281635284423828,0,2
0.0009531974792480469,0,2
0.04434609413146973,0,3
0.04436802864074707,0,3
0.04437398910522461,0,4
0.052256107330322266,0,5
0.06583213806152344,0,6
0.06680512428283691,0,6
0.06858110427856445,0,6
0.06996011734008789,0,6
