Time,Dst,Type
0.0,1,1
1.5974044799804688e-05,0,2
0.0013477802276611328,0,2
0.0013608932495117188,0,2
0.043434858322143555,0,3
0.0434567928314209,0,3
0.04346299171447754,0,4
0.05104398727416992,0,5
0.06475090980529785,0,6
0.0662238597869873,0,6
0.06772899627685547,0,6
0.06910181045532227,0,6
