Time,Dst,Type
0.0,1,1
3.1948089599609375e-05,0,2
0.0008199214935302734,0,2
0.0008490085601806641,0,2
0.04363298416137695,0,3
0.043649911880493164,0,3
0.044699907302856445,0,4
0.05122995376586914,0,5
0.0679478645324707,0,6
0.06947994232177734,0,6
0.0705568790435791,0,6
0.07264184951782227,0,6
0.0726628303527832,0,6
0.07267093658447266,0,6
