Time,Dst,Type
0.0,1,1
3.0994415283203125e-05,0,2
0.0008158683776855469,0,2
0.000843048095703125,0,2
0.042777061462402344,0,3
0.04392695426940918,0,3
0.04394793510437012,0,3
0.04395484924316406,0,4
0.0516660213470459,0,5
0.06558704376220703,0,6
0.0668480396270752,0,6
0.06966805458068848,0,6
