Time,Dst,Type
0.0,0,2
0.0010781288146972656,0,2
0.001096963882446289,0,2
0.044573068618774414,0,3
0.04460000991821289,0,3
0.045684099197387695,0,4
0.05274796485900879,0,5
0.06629800796508789,0,6
0.06752514839172363,0,6
0.0690920352935791,0,6
0.07014918327331543,0,6
