Time,Dst,Type
0.0,1,1
3.0994415283203125e-05,0,2
0.0008120536804199219,0,2
0.0008370876312255859,0,2
0.0455479621887207,0,3
0.04557490348815918,0,3
0.04651212692260742,0,4
0.05384111404418945,0,5
0.06696105003356934,0,6
0.0681309700012207,0,6
0.06946301460266113,0,6
0.07100510597229004,0,6
