Time,Dst,Type
0.0,1,1
1.811981201171875e-05,0,2
0.0015721321105957031,0,2
0.0015859603881835938,0,2
0.044647932052612305,0,3
0.04467511177062988,0,3
0.04468202590942383,0,4
0.05447506904602051,0,6
0.05637502670288086,0,6
0.06519603729248047,0,6
0.06614899635314941,0,6
