Time,Dst,Type
0.0,1,1
3.0994415283203125e-05,0,2
0.0016040802001953125,0,2
0.0016300678253173828,0,2
0.0448000431060791,0,3
0.04482412338256836,0,3
0.04576706886291504,0,4
0.05214214324951172,0,5
0.06581902503967285,0,6
0.06745505332946777,0,6
0.06886696815490723,0,6
0.07045793533325195,0,6
