Time,Dst,Type
0.0,0,1
9.059906005859375e-06,0,2
0.0008401870727539062,0,2
0.0008521080017089844,0,2
0.025031089782714844,0,6
0.10563111305236816,0,6
10.59520411491394,1,1
10.59523606300354,0,2
10.596328020095825,0,2
10.59634804725647,0,2
10.61501407623291,1,1
10.615028142929077,0,2
10.617333173751831,0,2
