Time,Dst,Type
0.0,0,1
2.6941299438476562e-05,0,2
0.0021419525146484375,0,2
0.01140904426574707,0,3
0.01143503189086914,0,3
0.016582965850830078,0,4
0.021904945373535156,0,5
0.03966808319091797,0,6
0.10617589950561523,0,6
0.10840106010437012,0,6
0.11285090446472168,0,6
10.477016925811768,0,2
20.51728892326355,0,2
20.51729702949524,0,2
20.535083055496216,1,1
20.536051034927368,0,2
20.537476062774658,0,2
