Time,Dst,Type
0.0,1,1
0.0010330677032470703,0,2
0.0023360252380371094,0,2
0.0023670196533203125,0,2
0.020493030548095703,1,1
0.020524024963378906,0,2
0.021604061126708984,0,2
0.1459970474243164,0,1
0.14602303504943848,0,3
0.14720892906188965,0,2
0.14723992347717285,0,2
0.14981794357299805,0,4
0.1560659408569336,0,5
0.1725749969482422,0,6
0.1762409210205078,0,6
0.17815303802490234,0,6
0.17964506149291992,0,6
9.983598947525024,1,1
9.983628988265991,0,2
9.98498010635376,0,2
9.985007047653198,0,2
