Time,Dst,Type
0.0,1,1
3.409385681152344e-05,0,2
0.0009770393371582031,0,2
0.0009970664978027344,0,2
0.02004098892211914,1,1
0.02007317543029785,0,2
0.020083189010620117,0,2
0.15894198417663574,0,1
0.15988707542419434,0,3
0.16105198860168457,0,2
0.16108012199401855,0,2
0.1610870361328125,0,3
0.16304421424865723,0,4
0.16974616050720215,0,5
0.19223713874816895,0,6
0.19388508796691895,0,6
0.19645118713378906,0,6
0.9341821670532227,1,1
0.9342150688171387,0,2
0.9358010292053223,0,2
