Time,Dst,Type
0.0,0,2
0.0015659332275390625,0,2
0.01941704750061035,1,1
0.020580053329467773,0,2
0.020620107650756836,0,2
0.1960909366607666,0,1
0.19747495651245117,0,2
0.19748306274414062,0,3
0.19912195205688477,0,3
0.19913506507873535,0,3
0.20037508010864258,0,4
0.20714211463928223,0,5
0.2226569652557373,0,6
0.22960305213928223,0,6
0.231705904006958,0,6
1.026336908340454,1,1
1.0320689678192139,0,2
1.0332469940185547,0,2
9.984464883804321,1,1
9.985565900802612,0,2
9.987370014190674,0,2
