Time,Dst,Type
0.0,1,1
3.600120544433594e-05,0,2
0.0014340877532958984,0,2
0.001444101333618164,0,2
0.02002406120300293,1,1
0.021303892135620117,0,2
0.021333932876586914,0,2
0.18127107620239258,0,1
0.18272900581359863,0,3
0.18372201919555664,0,2
0.18375301361083984,0,2
0.1848750114440918,0,2
0.1849219799041748,0,3
0.18690991401672363,0,4
0.193342924118042,0,5
0.21642804145812988,0,6
0.218703031539917,0,6
9.997073888778687,1,1
9.997092008590698,0,2
9.998125076293945,0,2
9.999433994293213,0,2
