Time,Dst,Type
0.0,1,1
2.002716064453125e-05,0,2
0.0010578632354736328,0,2
0.002045869827270508,0,2
0.020506858825683594,1,1
0.020532846450805664,0,2
0.022116899490356445,0,2
0.1610879898071289,0,1
0.16245388984680176,0,2
0.16360998153686523,0,3
0.16365504264831543,0,3
0.17188787460327148,0,5
0.1805870532989502,0,6
0.19456696510314941,0,6
0.19959688186645508,0,6
0.19960284233093262,0,6
0.9335818290710449,1,1
0.9463129043579102,0,2
0.9537389278411865,0,2
