Time,Dst,Type
0.0,0,2
0.0010700225830078125,0,2
0.020668983459472656,1,1
0.020704984664916992,0,2
0.0222170352935791,0,2
0.02224898338317871,0,2
0.1671140193939209,0,1
0.16713213920593262,0,2
0.16713809967041016,0,3
0.1683790683746338,0,2
0.16997504234313965,0,2
0.17142510414123535,0,4
0.17883014678955078,0,5
0.18324017524719238,0,6
0.20757102966308594,0,6
0.20945096015930176,0,6
9.982093095779419,1,1
9.982125043869019,0,2
9.983525037765503,0,2
9.983556985855103,0,2
