Time,Dst,Type
0.0,0,2
0.0013210773468017578,0,2
0.18595314025878906,0,1
0.18598103523254395,0,2
0.1859900951385498,0,3
0.1872391700744629,0,2
0.18726706504821777,0,2
0.18837714195251465,0,3
0.18992400169372559,0,4
0.19665098190307617,0,5
0.20548415184020996,0,6
0.2173600196838379,0,6
0.21973204612731934,0,6
0.22109413146972656,0,6
0.9764449596405029,1,1
0.976478099822998,0,2
0.978734016418457,0,2
9.967518091201782,1,1
9.967538118362427,0,2
9.969489097595215,0,2
