Time,Dst,Type
0.0,1,1
0.0009090900421142578,0,2
0.0009450912475585938,0,2
0.002125978469848633,0,2
0.14771604537963867,0,2
0.14774298667907715,0,2
0.153961181640625,0,3
0.15517210960388184,0,4
0.1664261817932129,0,5
0.17753219604492188,0,6
0.18553400039672852,0,6
0.18752002716064453,0,6
0.9435491561889648,1,1
0.9445281028747559,0,2
0.9445581436157227,0,2
9.95494818687439,1,1
19.97746205329895,1,1
19.978777170181274,0,2
19.97880721092224,0,2
