Time,Dst,Type
0.0,0,1
3.1948089599609375e-05,0,2
0.0010528564453125,0,2
0.0033850669860839844,0,3
0.003393888473510742,0,3
0.005327939987182617,0,4
0.015238046646118164,0,6
0.0361020565032959,0,6
0.03822803497314453,0,6
9.580354928970337,1,1
9.580389976501465,0,2
9.58039903640747,1,1
9.581585884094238,1,1
9.581598997116089,0,2
9.582810878753662,0,2
