Time,Dst,Type
0.0,0,1
2.6941299438476562e-05,0,2
0.0012769699096679688,0,2
0.0013020038604736328,0,3
0.0013089179992675781,0,2
0.0022039413452148438,0,3
0.004275083541870117,0,4
0.010781049728393555,0,5
0.020003080368041992,0,6
0.03474307060241699,0,6
0.036737918853759766,0,6
0.04362201690673828,0,6
9.495213031768799,1,1
9.495244979858398,1,1
9.496675968170166,0,2
9.49669599533081,1,1
9.496706008911133,0,2
9.497958898544312,0,2
