Time,Dst,Type
0.0,0,1
3.314018249511719e-05,0,2
0.001338958740234375,0,2
0.0013730525970458984,0,2
0.0022890567779541016,0,3
0.0037469863891601562,0,3
0.005346059799194336,0,4
0.012211084365844727,0,5
0.015787124633789062,0,6
0.041973114013671875,0,6
0.04415106773376465,0,6
0.04815411567687988,0,6
0.04903697967529297,0,6
9.825006008148193,1,1
9.825041055679321,0,2
9.82505202293396,1,1
9.826251029968262,1,1
9.826266050338745,0,2
9.82726502418518,0,2
19.706510066986084,1,1
19.708149909973145,1,1
