Time,Dst,Type
0.0,0,1
3.0040740966796875e-05,0,2
0.0012772083282470703,0,2
0.003086090087890625,0,3
0.0063440799713134766,0,4
0.012485027313232422,0,5
0.02254319190979004,0,6
0.03832721710205078,0,6
0.039492130279541016,0,6
0.042008161544799805,0,6
9.539138078689575,1,1
9.539188146591187,1,1
9.540436029434204,1,1
9.54046106338501,0,2
9.541529178619385,0,2
