Time,Dst,Type
0.0,0,1
2.5987625122070312e-05,0,2
0.0011889934539794922,0,2
0.0012171268463134766,0,2
0.005156040191650391,0,3
0.0052530765533447266,0,3
0.007421016693115234,0,4
0.014570951461791992,0,5
0.02538895606994629,0,6
0.035774946212768555,0,6
0.03748607635498047,0,6
0.04033303260803223,0,6
9.497337102890015,1,1
9.497370958328247,0,2
9.497380018234253,1,1
9.49861192703247,1,1
9.498625993728638,0,2
9.50035810470581,0,2
