Time,Dst,Type
0.0,0,1
0.002560138702392578,0,2
0.004588127136230469,0,3
0.00562596321105957,0,3
0.00846409797668457,0,4
0.010581016540527344,0,4
0.010590076446533203,0,4
0.011646032333374023,0,4
0.014984130859375,0,5
0.022880077362060547,0,6
0.03846597671508789,0,6
0.0422821044921875,0,6
0.045809030532836914,0,6
9.635823011398315,1,1
9.63757610321045,1,1
9.637602090835571,1,1
