Time,Dst,Type
0.0,0,1
0.0012059211730957031,0,2
0.0012331008911132812,0,2
0.0012400150299072266,0,3
0.0012450218200683594,0,3
0.0024330615997314453,0,2
0.006072998046875,0,4
0.012672901153564453,0,5
0.019536972045898438,0,6
0.03877711296081543,0,6
0.04070305824279785,0,6
0.04776597023010254,0,6
