Time,Dst,Type
0.0,0,1
3.0040740966796875e-05,0,2
0.001123189926147461,0,2
0.00115203857421875,0,2
0.0047571659088134766,0,3
0.0058710575103759766,0,3
0.018268108367919922,0,5
0.032392024993896484,0,6
0.0379941463470459,0,6
0.03805398941040039,0,6
0.038099050521850586,0,6
0.04033398628234863,0,6
