Time,Dst,Type
0.0,0,1
1.7881393432617188e-05,0,2
0.001096963882446289,0,2
0.0011169910430908203,0,3
0.0011239051818847656,0,2
0.004878997802734375,0,4
0.011703968048095703,0,5
0.025434017181396484,0,6
0.030475854873657227,0,6
0.03995800018310547,0,6
