Time,Dst,Type
0.0,0,1
3.0994415283203125e-06,0,2
0.0019121170043945312,0,2
0.005843162536621094,0,3
0.008802175521850586,0,3
0.010631084442138672,0,4
0.010656118392944336,0,4
0.012417078018188477,0,4
0.01427316665649414,0,4
0.02085399627685547,0,5
0.03483915328979492,0,6
0.03484201431274414,0,6
0.0499720573425293,0,6
0.0518951416015625,0,6
0.0560002326965332,0,6
0.06399822235107422,0,6
0.06977701187133789,0,6
