Time,Dst,Type
0.0,0,1
8.821487426757812e-06,0,2
0.001909017562866211,0,2
0.0019178390502929688,0,2
0.005797863006591797,0,3
0.005806922912597656,0,3
0.008009910583496094,0,4
0.014389991760253906,0,5
0.022385835647583008,0,6
0.03877997398376465,0,6
0.039788007736206055,0,6
0.042694807052612305,0,6
