Time,Dst,Type
0.0,0,1
5.0067901611328125e-06,0,2
5.9604644775390625e-06,0,3
0.0017299652099609375,0,2
0.0017390251159667969,0,3
0.0036339759826660156,0,4
0.008655071258544922,0,5
0.025589942932128906,0,6
0.0361940860748291,0,6
0.036232948303222656,0,6
0.039958953857421875,0,6
