Time,Dst,Type
0.0,0,1
9.059906005859375e-06,0,2
1.0967254638671875e-05,0,3
0.001886129379272461,0,2
0.0018951892852783203,0,2
0.0018961429595947266,0,3
0.00392913818359375,0,4
0.0109710693359375,0,5
0.02270197868347168,0,6
0.031919002532958984,0,6
0.033828020095825195,0,6
0.0357060432434082,0,6
0.03813600540161133,0,6
