Time,Dst,Type
0.0,0,1
0.0024509429931640625,0,2
0.0024788379669189453,0,2
0.003290891647338867,0,2
0.004673004150390625,0,3
0.0046880245208740234,0,3
0.004698038101196289,0,3
0.008317947387695312,0,4
0.01536703109741211,0,5
0.018425941467285156,0,6
0.03875994682312012,0,6
0.03973889350891113,0,6
0.04237103462219238,0,6
0.04862403869628906,0,6
9.691695928573608,1,1
9.691730976104736,0,2
9.69260287284851,1,1
9.693838834762573,0,2
