Time,Dst,Type
0.0,0,1
3.695487976074219e-05,0,2
0.0009999275207519531,0,2
0.001032114028930664,0,3
0.0010471343994140625,0,3
0.004583120346069336,0,4
0.01040196418762207,0,5
0.023164987564086914,0,6
0.024363994598388672,0,6
0.025259017944335938,0,6
0.03835296630859375,0,6
0.038420915603637695,0,6
0.039711952209472656,0,6
0.04364609718322754,0,6
9.650036096572876,1,1
9.651227951049805,1,1
9.652259111404419,1,1
9.652266025543213,0,2
9.653343915939331,0,2
