Time,Dst,Type
0.0,0,2
0.001013040542602539,0,3
0.0010440349578857422,0,2
0.0021140575408935547,0,2
0.0021469593048095703,0,3
0.00492405891418457,0,4
0.011838912963867188,0,5
0.017214059829711914,0,6
0.03530597686767578,0,6
0.03681802749633789,0,6
0.04127001762390137,0,6
9.742696046829224,1,1
9.742706060409546,0,2
9.742708921432495,1,1
9.743968963623047,0,2
9.743977069854736,1,1
9.745044946670532,0,2
