Time,Dst,Type
0.0,0,1
0.0007688999176025391,0,2
0.002045869827270508,0,2
0.005529880523681641,0,3
0.0055370330810546875,0,3
0.008038997650146484,0,4
0.014189958572387695,0,5
0.031848907470703125,0,6
0.04151487350463867,0,6
0.04550004005432129,0,6
10.27004599571228,1,1
10.270058870315552,0,2
10.271306037902832,0,2
10.271345853805542,0,2
