Time,Dst,Type
0.0,0,1
2.6941299438476562e-05,0,2
0.0010259151458740234,0,2
0.0010530948638916016,0,2
0.0038640499114990234,0,3
0.006295919418334961,0,4
0.006320953369140625,0,4
0.02447795867919922,0,6
0.03900599479675293,0,6
0.04082894325256348,0,6
0.0443720817565918,0,6
1.2638649940490723,1,1
1.263895034790039,0,2
1.2646689414978027,0,2
1.264686107635498,0,2
11.254638910293579,1,1
