Time,Dst,Type
0.0,0,1
2.8848648071289062e-05,0,2
0.0010018348693847656,0,2
0.0048580169677734375,0,3
0.004889011383056641,0,3
0.008154869079589844,0,4
0.014785051345825195,0,5
0.018880844116210938,0,6
0.04801797866821289,0,6
0.05589699745178223,0,6
11.122038841247559,1,1
11.126871824264526,0,2
11.1317720413208,0,2
