Time,Dst,Type
0.0,0,2
0.0014710426330566406,0,2
0.00150299072265625,0,2
0.0024640560150146484,0,3
0.0038039684295654297,0,3
0.013450145721435547,0,5
0.027502059936523438,0,6
0.04399704933166504,0,6
0.04589700698852539,0,6
0.05292510986328125,0,6
10.744894981384277,0,2
