Time,Dst,Type
0.0,0,1
0.0010271072387695312,0,2
0.001046895980834961,0,2
0.008873939514160156,0,4
0.016434907913208008,0,5
0.02853989601135254,0,6
0.07461309432983398,0,6
0.07841801643371582,0,6
0.08450102806091309,0,6
10.7396399974823,0,2
10.739665985107422,0,2
10.769887924194336,1,1
10.769912004470825,0,2
10.771037101745605,0,2
10.772687911987305,0,2
