Time,Dst,Type
0.0,0,1
0.0014240741729736328,0,2
0.0014531612396240234,0,2
0.0014591217041015625,0,3
0.0025510787963867188,0,2
0.002560138702392578,0,3
0.00533294677734375,0,4
0.012346029281616211,0,5
0.03022003173828125,0,6
0.037531137466430664,0,6
0.03920102119445801,0,6
0.04320502281188965,0,6
0.35746192932128906,1,1
0.35749197006225586,0,2
0.3590090274810791,0,2
2.2306129932403564,1,1
2.231600046157837,0,2
2.231626033782959,0,2
2.233449935913086,0,2
