Time,Dst,Type
0.0,0,1
2.6941299438476562e-05,0,2
0.000823974609375,0,2
0.0008518695831298828,0,3
0.0008590221405029297,0,2
0.000865936279296875,0,3
0.004698038101196289,0,4
0.011198997497558594,0,5
0.02240586280822754,0,6
0.03698897361755371,0,6
0.03806805610656738,0,6
0.042450904846191406,0,6
0.37440991401672363,0,2
0.3744239807128906,0,2
0.37541699409484863,0,2
1.441533088684082,1,1
1.4415440559387207,0,2
1.442673921585083,0,2
1.443755865097046,0,2
