Time,Dst,Type
0.0,0,3
0.0013091564178466797,0,3
0.005017995834350586,0,4
0.012457132339477539,0,5
0.029036998748779297,0,6
0.03315401077270508,0,6
0.03320503234863281,0,6
0.04002499580383301,0,6
0.04326319694519043,0,6
10.947463035583496,1,1
10.95425009727478,0,2
10.95428204536438,0,2
10.955396175384521,0,2
10.965615034103394,1,1
10.966772079467773,0,2
10.967985153198242,0,2
10.968015193939209,0,2
