Time,Dst,Type
0.0,0,3
0.0006279945373535156,0,3
0.004452943801879883,0,4
0.011139869689941406,0,5
0.022868871688842773,0,6
0.026654958724975586,0,6
0.031991004943847656,0,6
0.03406500816345215,0,6
11.056524991989136,1,1
11.057231903076172,0,2
