Time,Dst,Type
0.0,0,3
0.004190206527709961,0,4
0.011509180068969727,0,5
0.018987178802490234,0,6
0.024653196334838867,0,6
0.024676084518432617,0,6
11.018521070480347,1,1
11.019644975662231,0,2
