Time,Dst,Type
0.0,0,3
0.0010480880737304688,0,3
0.011099100112915039,0,5
0.02847909927368164,0,6
0.040580034255981445,0,6
11.012322902679443,1,1
11.033469915390015,1,1
11.035821914672852,0,2
11.036930084228516,0,2
