Time,Dst,Type
0.0,0,3
3.814697265625e-05,0,3
0.0026171207427978516,0,4
0.009327173233032227,0,5
0.020804166793823242,0,6
0.027323007583618164,0,6
0.02910614013671875,0,6
0.030395030975341797,0,6
11.05500316619873,1,1
11.077394962310791,1,1
11.080430030822754,0,2
11.082098960876465,0,2
