Time,Dst,Type
0.0,0,3
0.0054779052734375,0,4
0.015504837036132812,0,5
0.040538787841796875,0,6
0.044902801513671875,0,6
0.049353837966918945,0,6
0.058426856994628906,0,6
10.996665954589844,1,1
10.999013900756836,0,2
10.999025821685791,0,2
11.00020980834961,0,2
11.019131898880005,1,1
11.019149780273438,0,2
11.020213842391968,0,2
11.021381855010986,0,2
