Time,Dst,Type
0.0,0,3
0.0009889602661132812,0,3
0.000997781753540039,0,3
0.0034248828887939453,0,4
0.010715961456298828,0,5
0.029062986373901367,0,6
0.02909398078918457,0,6
0.03125882148742676,0,6
0.032524824142456055,0,6
10.917967796325684,1,1
10.917984008789062,0,2
10.918756008148193,0,2
10.920013904571533,0,2
10.93912386894226,1,1
10.940383911132812,0,2
