Time,Dst,Type
0.0,0,3
0.0020520687103271484,0,3
0.004742145538330078,0,4
0.011732101440429688,0,5
0.01445913314819336,0,6
0.08213305473327637,0,6
0.08516812324523926,0,6
11.02065396308899,1,1
11.022320032119751,0,2
11.02325701713562,0,2
11.042795181274414,1,1
11.050206184387207,0,2
