Time,Dst,Type
0.0,0,3
3.0994415283203125e-05,0,3
0.0028460025787353516,0,4
0.00900888442993164,0,5
0.01846599578857422,0,6
0.021857023239135742,0,6
0.024118900299072266,0,6
0.025062084197998047,0,6
11.080673933029175,1,1
11.082040071487427,0,2
11.082067012786865,0,2
11.082815885543823,0,2
11.103396892547607,1,1
11.10464596748352,0,2
11.104676008224487,0,2
11.105654001235962,0,2
