Time,Dst,Type
0.0,0,3
0.0008919239044189453,0,3
0.004086017608642578,0,4
0.010267972946166992,0,5
0.03433084487915039,0,6
0.038632869720458984,0,6
0.04026198387145996,0,6
0.04348182678222656,0,6
0.043518781661987305,0,6
11.054773807525635,1,1
11.054803848266602,0,2
11.05573582649231,0,2
11.057286977767944,0,2
11.076803922653198,1,1
