Time,Dst,Type
0.0,0,3
9.059906005859375e-06,0,3
0.00943899154663086,0,5
0.01871514320373535,0,6
0.02131199836730957,0,6
0.023211956024169922,0,6
0.024280071258544922,0,6
0.025465011596679688,0,6
10.98802399635315,1,1
10.988032102584839,0,2
10.989480972290039,0,2
11.009287118911743,1,1
11.012485027313232,0,2
11.013533115386963,0,2
11.01456904411316,0,2
