Time,Dst,Type
0.0,0,1
3.0994415283203125e-05,0,2
0.0008399486541748047,0,2
0.0008718967437744141,0,2
0.008276939392089844,0,3
0.013065814971923828,0,4
0.019549846649169922,0,5
0.08765077590942383,0,6
0.09195685386657715,0,6
10.56748080253601,0,2
10.568729877471924,0,2
10.568755865097046,0,2
10.586331844329834,0,2
10.586362838745117,0,2
10.587523937225342,0,2
20.64673686027527,1,1
20.646764993667603,0,2
20.647703886032104,0,2
20.649237871170044,0,2
