Time,Dst,Type
0.0,0,1
0.0012149810791015625,0,2
0.0012450218200683594,0,2
0.009512901306152344,0,3
0.009521007537841797,0,3
0.018774986267089844,0,5
0.03467607498168945,0,6
0.0640249252319336,0,6
0.07031106948852539,0,6
10.551438093185425,1,1
10.552268981933594,0,2
10.552288055419922,0,2
10.57070803642273,1,1
10.570740938186646,0,2
10.572365999221802,0,2
10.572395086288452,0,2
20.61939787864685,1,1
20.61943006515503,0,2
20.620009899139404,0,2
20.622008085250854,0,2
30.57299494743347,1,1
