Time,Dst,Type
0.0,0,1
3.0994415283203125e-05,0,2
0.0008449554443359375,0,2
0.0008769035339355469,0,2
0.009644031524658203,0,3
0.014998912811279297,0,4
0.021585941314697266,0,5
0.0406339168548584,0,6
0.07324385643005371,0,6
0.08099603652954102,0,6
10.452317953109741,1,1
10.472991943359375,1,1
10.473018884658813,0,2
10.474010944366455,0,2
10.4740149974823,0,2
20.503636837005615,1,1
20.50463604927063,0,2
20.505616903305054,0,2
20.506826877593994,0,2
20.52402400970459,1,1
20.525027990341187,0,2
