Time,Dst,Type
0.0,0,3
8.821487426757812e-06,0,3
0.019353866577148438,0,4
0.04667186737060547,0,6
10.550890922546387,1,1
10.552114009857178,0,2
