Time,Dst,Type
0.0,0,3
0.031655073165893555,0,6
0.047059059143066406,0,6
0.048193931579589844,0,6
0.05025911331176758,0,6
10.427391052246094,0,2
10.427428007125854,0,2
10.448638916015625,1,1
10.449908971786499,0,2
10.44994592666626,0,2
10.45107102394104,0,2
