Time,Dst,Type
0.0,0,3
0.001074075698852539,0,3
0.021030902862548828,0,4
0.0295870304107666,0,5
0.04308509826660156,0,6
0.05265307426452637,0,6
10.449733018875122,0,2
10.450485944747925,0,2
10.451608896255493,0,2
