Time,Dst,Type
0.0,0,3
0.025735855102539062,0,5
0.04480481147766113,0,6
0.04612898826599121,0,6
0.049368858337402344,0,6
