Time,Dst,Type
0.0,0,3
0.0022368431091308594,0,3
0.01829385757446289,0,4
0.02578282356262207,0,5
0.037077903747558594,0,6
0.04047799110412598,0,6
0.0425260066986084,0,6
0.04635000228881836,0,6
10.607852935791016,1,1
10.607866048812866,0,2
10.611747026443481,0,2
10.633133888244629,1,1
