Time,Dst,Type
0.0,0,3
0.0010449886322021484,0,3
0.01858210563659668,0,4
0.042574167251586914,0,6
0.045504093170166016,0,6
0.0469670295715332,0,6
11.376487016677856,1,1
11.378782987594604,0,2
11.403103113174438,0,2
11.403127193450928,0,2
