Time,Dst,Type
0.0,0,3
0.017951011657714844,0,4
0.026043176651000977,0,5
0.035079002380371094,0,6
0.057563066482543945,0,6
0.06126117706298828,0,6
0.06278800964355469,0,6
7.722999095916748,1,1
7.723980188369751,0,2
7.751495122909546,0,2
17.774569034576416,0,2
17.7746000289917,0,2
