Time,Dst,Type
0.0,0,3
0.018784046173095703,0,4
0.02618718147277832,0,5
0.03325200080871582,0,6
0.0423431396484375,0,6
10.418243169784546,0,2
10.419239044189453,0,2
10.420790195465088,0,2
10.443181991577148,1,1
10.443211078643799,0,2
10.444193124771118,0,2
