Time,Dst,Type
0.0,0,3
0.018334150314331055,0,4
0.025413990020751953,0,5
0.036434173583984375,0,6
0.04701995849609375,0,6
0.04809117317199707,0,6
0.05599498748779297,0,6
10.455182075500488,1,1
10.456425189971924,0,2
10.456469058990479,0,2
10.457870960235596,0,2
10.480751037597656,1,1
10.481918096542358,0,2
10.482999086380005,0,2
