Time,Dst,Type
0.0,1,1
0.0019290447235107422,0,2
0.001956939697265625,0,2
0.002811908721923828,0,2
0.024779081344604492,0,3
0.024785995483398438,0,3
0.026957035064697266,0,4
0.03349709510803223,0,5
0.05136990547180176,0,6
0.05274701118469238,0,6
0.05467796325683594,0,6
0.05591988563537598,0,6
