Time,Dst,Type
0.0,1,1
2.9087066650390625e-05,0,2
0.00080108642578125,0,2
0.0008339881896972656,0,2
0.02776789665222168,0,3
0.02778911590576172,0,3
0.029901981353759766,0,4
0.03626298904418945,0,5
0.050184011459350586,0,6
0.05197501182556152,0,6
0.05398201942443848,0,6
0.05524611473083496,0,6
