Time,Dst,Type
0.0,1,1
3.0994415283203125e-05,0,2
0.0011539459228515625,0,2
0.0011818408966064453,0,2
0.02288985252380371,0,3
0.022897958755493164,0,3
0.02666306495666504,0,4
0.03293800354003906,0,5
0.03858304023742676,0,6
0.03973889350891113,0,6
0.04106903076171875,0,6
0.04210805892944336,0,6
