Time,Dst,Type
0.0,1,1
0.0009951591491699219,0,2
0.0010221004486083984,0,2
0.02313399314880371,0,3
0.024313926696777344,0,3
0.0265200138092041,0,4
0.03348207473754883,0,5
0.050811052322387695,0,6
0.05502796173095703,0,6
0.05676007270812988,0,6
