Time,Dst,Type
0.0,1,1
3.0994415283203125e-05,0,2
0.0011730194091796875,0,2
0.0012009143829345703,0,2
0.02718806266784668,0,4
0.03520703315734863,0,5
0.0521390438079834,0,6
0.05346798896789551,0,6
0.05680203437805176,0,6
0.05682206153869629,0,6
0.059056997299194336,0,6
