Time,Dst,Type
0.0,1,1
0.0012040138244628906,0,2
0.0012350082397460938,0,2
0.0023949146270751953,0,2
0.024945974349975586,0,3
0.024976015090942383,0,3
0.028813838958740234,0,4
0.03587985038757324,0,5
0.05011606216430664,0,6
0.05233287811279297,0,6
0.05435800552368164,0,6
0.05658292770385742,0,6
