Time,Dst,Type
0.0,1,1
3.1948089599609375e-05,0,2
0.0006630420684814453,0,2
0.0006818771362304688,0,2
0.02513599395751953,0,3
0.025163888931274414,0,3
0.02674698829650879,0,4
0.03328895568847656,0,5
0.04050087928771973,0,6
0.04346489906311035,0,6
0.044703006744384766,0,6
