Time,Dst,Type
0.0,1,1
2.9087066650390625e-05,0,2
0.0008101463317871094,0,2
0.0008361339569091797,0,2
0.023945093154907227,0,3
0.023963212966918945,0,3
0.025689125061035156,0,4
0.0318601131439209,0,5
0.0453791618347168,0,6
0.04726600646972656,0,6
0.049005985260009766,0,6
