Time,Dst,Type
0.0,1,1
0.0009191036224365234,0,2
0.0009400844573974609,0,2
0.002084016799926758,0,2
0.02783799171447754,0,3
0.027848005294799805,0,3
0.029510021209716797,0,4
0.04219818115234375,0,6
0.04329419136047363,0,6
0.04479217529296875,0,6
0.04612612724304199,0,6
