Time,Dst,Type
0.0,1,1
3.0994415283203125e-05,0,2
0.0009839534759521484,0,2
0.001010894775390625,0,2
0.02324986457824707,0,3
0.02327585220336914,0,3
0.023280858993530273,0,3
0.02480006217956543,0,4
0.03231000900268555,0,5
0.03979086875915527,0,6
0.03980588912963867,0,6
0.04249286651611328,0,6
0.044358015060424805,0,6
