Time,Dst,Type
0.0,0,1
5.9604644775390625e-06,0,2
0.0010449886322021484,0,2
0.0010480880737304688,0,3
0.013768911361694336,0,3
0.015681982040405273,0,4
0.05106210708618164,0,5
0.17021393775939941,0,6
0.17900800704956055,0,6
0.19777894020080566,0,6
0.20548510551452637,0,6
10.29013705253601,1,1
10.292539119720459,0,2
10.361731052398682,1,1
10.36174201965332,1,1
10.361742973327637,0,2
10.362888097763062,0,2
10.381550073623657,1,1
10.381557941436768,1,1
10.381558895111084,0,2
10.383431911468506,0,2
