Time,Dst,Type
0.0,0,2
0.0052030086517333984,0,3
0.005219936370849609,0,3
0.009109973907470703,0,4
0.047000885009765625,0,6
0.054666996002197266,0,6
10.88403582572937,1,1
