Time,Dst,Type
0.0,0,1
1.5020370483398438e-05,0,1
0.009001016616821289,0,3
0.0090179443359375,0,3
0.00902104377746582,0,3
0.010076045989990234,0,3
0.010091066360473633,0,3
0.02531599998474121,0,3
0.03615093231201172,0,4
0.0428769588470459,0,5
0.04396700859069824,0,5
0.06052589416503906,0,6
0.06638789176940918,0,6
0.06865596771240234,0,6
0.06979203224182129,0,6
11.026050090789795,1,1
11.026073932647705,0,2
11.02744197845459,0,2
11.028666973114014,0,2
