Time,Dst,Type
0.0,0,1
0.003618955612182617,0,3
0.0056171417236328125,0,4
0.013403177261352539,0,5
0.017093181610107422,0,6
0.04098701477050781,0,6
0.043598175048828125,0,6
0.04733395576477051,0,6
10.992768049240112,1,1
10.992802143096924,0,2
10.993632078170776,0,2
10.993649005889893,0,2
21.056272983551025,0,2
21.05736804008484,0,2
