Time,Dst,Type
0.0,0,1
3.3855438232421875e-05,0,2
0.0009829998016357422,0,2
0.003679990768432617,0,3
0.003693819046020508,0,3
0.003696918487548828,0,3
0.004892826080322266,0,3
0.004901885986328125,0,3
0.0049037933349609375,0,3
0.0049059391021728516,0,3
0.007771968841552734,0,4
0.017097949981689453,0,5
0.020914793014526367,0,6
0.04208087921142578,0,6
0.04403281211853027,0,6
0.0462799072265625,0,6
11.008426904678345,1,1
