Time,Dst,Type
0.0,0,1
0.001447916030883789,0,2
0.0014710426330566406,0,2
0.0026750564575195312,0,2
0.0045130252838134766,0,3
0.004534006118774414,0,3
0.005330085754394531,0,3
0.0070569515228271484,0,4
0.014930963516235352,0,5
0.022396087646484375,0,6
0.04111003875732422,0,6
0.04318594932556152,0,6
0.04559206962585449,0,6
0.04932594299316406,0,6
10.988923072814941,0,2
10.988943099975586,0,2
10.989784955978394,0,2
