Time,Dst,Type
0.0,0,1
2.6941299438476562e-05,0,2
0.0012631416320800781,0,3
0.001280069351196289,0,2
0.0012869834899902344,0,3
0.004096031188964844,0,4
0.026450157165527344,0,6
0.04290604591369629,0,6
0.045845985412597656,0,6
10.855730056762695,1,1
10.856876134872437,0,2
10.858026027679443,0,2
10.85804295539856,0,2
