Time,Dst,Type
0.0,0,1
0.0008678436279296875,0,2
0.002597808837890625,0,2
0.006508827209472656,0,3
0.007681846618652344,0,4
0.014966011047363281,0,5
0.0272369384765625,0,6
0.03814291954040527,0,6
0.040193796157836914,0,6
0.045918941497802734,0,6
11.002679824829102,1,1
11.020977973937988,1,1
11.03314995765686,0,2
11.034247875213623,0,2
11.03528094291687,0,2
