Time,Dst,Type
0.0,0,1
0.002223968505859375,0,3
0.002254009246826172,0,2
0.003119945526123047,0,2
0.0031528472900390625,0,3
0.011286020278930664,0,4
0.05266284942626953,0,6
0.05269598960876465,0,6
10.14852786064148,1,1
10.148558855056763,0,2
10.14959192276001,0,2
