Time,Dst,Type
0.0,0,1
0.0017459392547607422,0,2
0.0028448104858398438,0,2
0.00568079948425293,0,3
0.005699872970581055,0,3
0.007382869720458984,0,4
0.015544891357421875,0,5
0.015578985214233398,0,5
0.023317813873291016,0,6
0.03965187072753906,0,6
0.041124820709228516,0,6
0.04114794731140137,0,6
0.043245792388916016,0,6
0.045369863510131836,0,6
0.05066990852355957,0,6
10.875948905944824,1,1
10.875972986221313,0,2
10.877015829086304,0,2
10.878196001052856,0,2
