Time,Dst,Type
0.0,0,1
0.0013289451599121094,0,2
0.0023260116577148438,0,2
0.004520893096923828,0,3
0.013844013214111328,0,5
0.020244836807250977,0,6
10.969043970108032,1,1
10.969076871871948,0,2
10.970598936080933,0,2
10.970629930496216,0,2
