Time,Dst,Type
0.0,0,1
0.001241922378540039,0,2
0.0012688636779785156,0,2
0.0024499893188476562,0,2
0.002476930618286133,0,3
0.002483844757080078,0,3
0.004258871078491211,0,4
0.010015010833740234,0,5
0.02575397491455078,0,6
0.028108835220336914,0,6
0.029716968536376953,0,6
0.032132863998413086,0,6
1.9394898414611816,1,1
1.9395208358764648,0,2
1.940424919128418,0,2
1.9404428005218506,0,2
1.9595658779144287,1,1
1.959596872329712,0,2
1.9605989456176758,0,2
1.960615873336792,0,2
