Time,Dst,Type
0.0,0,1
2.4080276489257812e-05,0,2
0.0007979869842529297,0,2
0.0008230209350585938,0,2
0.0021080970764160156,0,3
0.0021309852600097656,0,3
0.004724025726318359,0,4
0.01155710220336914,0,5
0.025729894638061523,0,6
0.03182792663574219,0,6
0.03313803672790527,0,6
0.036540985107421875,0,6
2.0552189350128174,1,1
2.0552470684051514,0,2
2.05607008934021,0,2
2.0560860633850098,0,2
2.0753939151763916,1,1
2.0754220485687256,0,2
2.0761780738830566,0,2
2.0761940479278564,0,2
