Time,Dst,Type
0.0,0,1
1.2159347534179688e-05,0,2
0.0011889934539794922,0,2
0.0012099742889404297,0,2
0.0037469863891601562,0,3
0.0037682056427001953,0,3
0.0059909820556640625,0,4
0.012451171875,0,5
0.021110057830810547,0,6
0.04899311065673828,0,6
0.05120706558227539,0,6
0.05409598350524902,0,6
9.47861909866333,1,1
9.478649139404297,0,2
9.47956919670105,0,2
9.479603052139282,0,2
9.495361089706421,1,1
9.496623039245605,0,2
9.4966561794281,0,2
9.49816107749939,0,2
