Time,Dst,Type
0.0,0,1
0.0008590221405029297,0,2
0.0008780956268310547,0,2
0.0019989013671875,0,2
0.0020189285278320312,0,3
0.002952098846435547,0,3
0.0070269107818603516,0,4
0.01291799545288086,0,5
0.01701498031616211,0,6
0.04070711135864258,0,6
0.04231691360473633,0,6
0.04529905319213867,0,6
9.376491069793701,1,1
9.387260913848877,0,2
