Time,Dst,Type
0.0,0,1
2.9087066650390625e-05,0,2
0.0009679794311523438,0,2
0.0009980201721191406,0,2
0.00465703010559082,0,3
0.004683971405029297,0,3
0.007067203521728516,0,4
0.014240026473999023,0,5
0.032360076904296875,0,6
0.037518978118896484,0,6
0.03913617134094238,0,6
0.04367804527282715,0,6
9.336844205856323,1,1
9.336876153945923,0,2
9.337671041488647,0,2
9.337690114974976,0,2
9.36440920829773,1,1
9.364444017410278,0,2
9.365790128707886,0,2
9.365818977355957,0,2
