Time,Dst,Type
0.0,0,1
0.001024007797241211,0,2
0.0010340213775634766,0,2
0.0010349750518798828,0,2
0.00651097297668457,0,3
0.006512880325317383,0,3
0.014122962951660156,0,4
0.019494056701660156,0,5
0.038511037826538086,0,6
0.07451796531677246,0,6
0.07640790939331055,0,6
0.08106398582458496,0,6
