Time,Dst,Type
0.0,0,1
0.0021750926971435547,0,2
0.0021839141845703125,0,2
0.00347900390625,0,2
0.004261016845703125,0,3
0.0042688846588134766,0,3
0.007044076919555664,0,4
0.013874053955078125,0,5
0.021266937255859375,0,6
0.05897808074951172,0,6
0.06158900260925293,0,6
0.06765294075012207,0,6
