Time,Dst,Type
0.0,0,1
1.9073486328125e-06,0,2
0.0022249221801757812,0,2
0.0022339820861816406,0,2
0.006808042526245117,0,3
0.006810903549194336,0,3
0.011636018753051758,0,4
0.01863694190979004,0,5
0.027441024780273438,0,6
0.05725407600402832,0,6
0.05867505073547363,0,6
