Time,Dst,Type
0.0,0,1
2.1457672119140625e-06,0,2
0.0012710094451904297,0,2
0.0012722015380859375,0,2
0.004922151565551758,0,3
0.004930973052978516,0,3
0.008965015411376953,0,4
0.014444112777709961,0,5
0.020945072174072266,0,6
0.05301713943481445,0,6
0.055579185485839844,0,6
0.06288814544677734,0,6
