Time,Dst,Type
0.0,0,3
2.6941299438476562e-05,0,3
0.002337932586669922,0,4
0.00919795036315918,0,5
0.025777101516723633,0,6
0.027096986770629883,0,6
0.029005050659179688,0,6
0.02903294563293457,0,6
4.329466104507446,1,1
4.329494953155518,0,2
4.3307459354400635,0,2
4.332000970840454,0,2
4.351877927780151,1,1
4.351907968521118,0,2
4.354043960571289,0,2
