Time,Dst,Type
0.0,0,3
1.5974044799804688e-05,0,3
0.0010159015655517578,0,4
0.008661031723022461,0,5
0.03662610054016113,0,6
0.039871931076049805,0,6
0.041140079498291016,0,6
0.041851043701171875,0,6
