Time,Dst,Type
0.0,0,3
2.5987625122070312e-05,0,3
0.004853963851928711,0,4
0.011415958404541016,0,5
0.02089405059814453,0,6
0.022866010665893555,0,6
0.024174928665161133,0,6
0.02752208709716797,0,6
4.376018047332764,1,1
4.377485036849976,0,2
4.377516031265259,0,2
4.378607988357544,0,2
4.399138927459717,1,1
4.399166107177734,0,2
4.400569915771484,0,2
4.40059494972229,0,2
