Time,Dst,Type
0.0,0,3
0.004008054733276367,0,4
0.01079416275024414,0,5
0.021028995513916016,0,6
0.02297806739807129,0,6
0.027372121810913086,0,6
9.461807012557983,1,1
9.464250087738037,0,2
9.464277029037476,0,2
9.477122068405151,1,1
13.061217069625854,1,1
13.061251163482666,0,2
13.062517166137695,0,2
13.074854135513306,1,1
13.074885129928589,0,2
13.076186180114746,0,2
19.4117591381073,1,1
19.411792993545532,0,2
19.414236068725586,0,2
19.414255142211914,0,2
