Time,Dst,Type
0.0,0,3
0.0006060600280761719,0,3
0.0045621395111083984,0,4
0.011327028274536133,0,5
0.023401975631713867,0,6
0.028255939483642578,0,6
0.03365492820739746,0,6
0.039758920669555664,0,6
9.235022068023682,0,2
12.816918134689331,0,2
12.81695294380188,0,2
12.818097114562988,0,2
12.829586029052734,1,1
