Time,Dst,Type
0.0,0,3
7.867813110351562e-06,0,3
0.005435943603515625,0,4
0.012346982955932617,0,5
0.014889001846313477,0,6
0.023097991943359375,0,6
0.02762603759765625,0,6
9.387104034423828,1,1
9.387143850326538,1,1
9.387151956558228,0,2
9.388258934020996,0,2
9.400949954986572,1,1
9.400982856750488,1,1
9.400990009307861,0,2
9.402220010757446,0,2
9.402250051498413,0,2
