Time,Dst,Type
0.0,0,3
0.00444793701171875,0,4
0.011167049407958984,0,5
0.013242959976196289,0,5
0.02585005760192871,0,6
0.03377795219421387,0,6
0.04462599754333496,0,6
7.952043056488037,1,1
7.952059984207153,1,1
7.952064037322998,0,2
7.953251838684082,0,2
7.9542930126190186,0,2
