Time,Dst,Type
0.0,0,3
8.821487426757812e-06,0,3
0.004369020462036133,0,4
0.02643585205078125,0,6
0.02987980842590332,0,6
0.03153681755065918,0,6
0.0315859317779541,0,6
0.03453493118286133,0,6
9.38330888748169,1,1
9.383343935012817,1,1
9.383350849151611,0,2
9.38443899154663,0,2
9.385556936264038,0,2
13.109972953796387,1,1
13.110008001327515,0,2
13.110911846160889,0,2
13.110942840576172,0,2
