Time,Dst,Type
0.0,0,3
2.288818359375e-05,0,3
0.018620014190673828,0,6
0.021914958953857422,0,6
0.021930932998657227,0,6
0.02390289306640625,0,6
0.02734088897705078,0,6
9.355408906936646,1,1
9.355435848236084,1,1
9.356652021408081,0,2
9.357599020004272,0,2
12.951565980911255,0,2
12.9525887966156,0,2
