Time,Dst,Type
0.0,0,3
0.0043489933013916016,0,4
0.01052403450012207,0,5
0.0301210880279541,0,6
0.03273606300354004,0,6
0.034522056579589844,0,6
0.03647804260253906,0,6
9.351104974746704,1,1
9.35243010520935,1,1
9.356873035430908,0,2
9.358134984970093,0,2
9.366477012634277,1,1
9.366493940353394,0,2
13.323869943618774,0,2
13.323899030685425,0,2
13.324728012084961,0,2
