Time,Dst,Type
0.0,0,3
2.4080276489257812e-05,0,3
0.003973960876464844,0,4
0.011129140853881836,0,5
0.033674001693725586,0,6
0.035941123962402344,0,6
0.04175996780395508,0,6
9.314350128173828,1,1
9.342518091201782,0,2
9.342540979385376,0,2
9.343549966812134,0,2
13.149394035339355,1,1
13.149430990219116,0,2
13.15052604675293,0,2
13.150557041168213,0,2
13.16300892829895,1,1
13.163043022155762,0,2
13.163053035736084,0,2
13.164122104644775,0,2
