Time,Dst,Type
0.0,0,4
0.006227016448974609,0,5
0.014356136322021484,0,6
0.018447160720825195,0,6
9.35382604598999,1,1
9.353832006454468,1,1
9.355232000350952,0,2
12.859540939331055,1,1
12.860991954803467,0,2
12.861017942428589,0,2
12.861027956008911,0,2
19.127136945724487,1,1
19.129493951797485,0,2
19.140802145004272,1,1
19.14084506034851,1,1
19.140855073928833,0,2
19.143440008163452,0,2
