Time,Dst,Type
0.0,0,3
0.010560989379882812,0,3
0.02374100685119629,0,5
0.10613393783569336,0,6
0.20591998100280762,0,6
0.2102200984954834,0,6
7.910593032836914,1,1
7.910624980926514,1,1
7.9136810302734375,0,2
7.914632081985474,0,2
7.916080951690674,0,2
17.876748085021973,1,1
17.876776933670044,1,1
17.878791093826294,0,2
