Time,Dst,Type
0.0,0,3
1.3113021850585938e-05,0,3
0.004049062728881836,0,4
0.01111602783203125,0,5
0.01817607879638672,0,6
0.021142005920410156,0,6
0.023255109786987305,0,6
0.025735139846801758,0,6
9.396894931793213,1,1
9.396919965744019,1,1
9.397984981536865,0,2
9.39941692352295,0,2
9.399425029754639,0,2
12.96953010559082,1,1
12.970762014389038,0,2
12.97170114517212,0,2
