Time,Dst,Type
0.0,1,1
2.9087066650390625e-05,0,2
0.0011839866638183594,0,2
0.001210927963256836,0,2
0.022949934005737305,0,3
0.022974014282226562,0,3
0.0248870849609375,0,4
0.030213117599487305,0,5
0.045361995697021484,0,6
0.04639601707458496,0,6
0.04851102828979492,0,6
0.05935502052307129,0,6
