Time,Dst,Type
0.0,1,1
2.9087066650390625e-05,0,2
0.0010790824890136719,0,2
0.0011119842529296875,0,2
0.025420188903808594,0,3
0.025428056716918945,0,3
0.026818037033081055,0,4
0.03352618217468262,0,5
0.05276918411254883,0,6
0.055021047592163086,0,6
0.05608201026916504,0,6
0.058193206787109375,0,6
0.05820202827453613,0,6
0.05948209762573242,0,6
