Time,Dst,Type
0.0,1,1
0.010423898696899414,0,2
0.011013031005859375,0,2
0.011036872863769531,0,2
0.034353017807006836,0,3
0.04210400581359863,0,5
0.051989078521728516,0,6
0.05329108238220215,0,6
0.05563092231750488,0,6
0.06012392044067383,0,6
