Time,Dst,Type
0.0,1,1
0.00125885009765625,0,2
0.0034759044647216797,0,2
0.026306867599487305,0,3
0.02633190155029297,0,3
0.02756786346435547,0,4
0.03586983680725098,0,5
0.05280494689941406,0,6
0.05399179458618164,0,6
0.05586981773376465,0,6
0.055899858474731445,0,6
