Time,Dst,Type
0.0,1,1
3.886222839355469e-05,0,2
5.1021575927734375e-05,0,2
0.0009398460388183594,0,2
0.02190399169921875,0,3
0.0219118595123291,0,3
0.02613091468811035,0,4
0.03219795227050781,0,5
0.0403599739074707,0,6
0.04157090187072754,0,6
