Time,Dst,Type
0.0,1,1
2.4080276489257812e-05,0,2
0.0016231536865234375,0,2
0.0016551017761230469,0,2
0.024840116500854492,0,3
0.026014089584350586,0,3
0.02704000473022461,0,4
0.03464102745056152,0,5
0.04066801071166992,0,6
0.04668998718261719,0,6
0.04883694648742676,0,6
0.05008292198181152,0,6
0.052139997482299805,0,6
0.05215001106262207,0,6
