Time,Dst,Type
0.0,1,1
3.0040740966796875e-05,0,2
0.0007970333099365234,0,2
0.0008249282836914062,0,2
0.023379087448120117,0,3
0.02338695526123047,0,3
0.025360107421875,0,4
0.03227710723876953,0,5
0.05804705619812012,0,6
0.059684038162231445,0,6
0.061038970947265625,0,6
0.06212902069091797,0,6
