Time,Dst,Type
0.0,0,1
5.0067901611328125e-06,0,2
0.0014619827270507812,0,2
0.0014660358428955078,0,2
0.0028040409088134766,0,3
0.0028069019317626953,0,3
0.008265018463134766,0,4
0.013984918594360352,0,5
0.03418397903442383,0,6
0.036377906799316406,0,6
0.039177894592285156,0,6
