Time,Dst,Type
0.0,0,1
0.001071929931640625,0,2
0.0010769367218017578,0,2
0.0022139549255371094,0,2
0.0022161006927490234,0,3
0.003841876983642578,0,3
0.0038449764251708984,0,3
0.003849029541015625,0,3
0.0061419010162353516,0,4
0.01271200180053711,0,5
0.02405691146850586,0,6
0.03348708152770996,0,6
0.03512406349182129,0,6
0.038201093673706055,0,6
12.22189998626709,0,2
12.224423885345459,0,2
12.22760796546936,0,2
12.243464946746826,0,2
12.246922969818115,0,2
12.248347997665405,0,2
