Time,Dst,Type
0.0,0,1
9.059906005859375e-06,0,2
0.0010890960693359375,0,2
0.0010979175567626953,0,2
0.002373933792114258,0,3
0.002382993698120117,0,3
0.004370927810668945,0,4
0.004380941390991211,0,4
0.011121988296508789,0,5
0.01463007926940918,0,6
0.029282093048095703,0,6
0.03182697296142578,0,6
0.0346369743347168,0,6
