Time,Dst,Type
0.0,0,2
1.0013580322265625e-05,0,3
0.004531145095825195,0,3
0.009569168090820312,0,4
0.01603102684020996,0,5
0.03269600868225098,0,6
0.03916001319885254,0,6
0.04124808311462402,0,6
0.04442000389099121,0,6
12.366520166397095,0,2
12.367589235305786,0,2
12.386547088623047,0,2
12.387862205505371,0,2
12.389339208602905,0,2
