Time,Dst,Type
0.0,0,1
8.106231689453125e-06,0,1
9.059906005859375e-06,0,1
0.0009720325469970703,0,2
0.0021440982818603516,0,2
0.0037300586700439453,0,2
0.005282163619995117,0,3
0.006211042404174805,0,3
0.009112119674682617,0,4
0.015917062759399414,0,5
0.020472049713134766,0,6
0.038700103759765625,0,6
0.03989410400390625,0,6
0.042704105377197266,0,6
0.04495811462402344,0,6
