Time,Dst,Type
0.0,0,1
0.0030961036682128906,0,3
0.004575967788696289,0,2
0.004588127136230469,0,2
0.005866050720214844,0,2
0.008123159408569336,0,3
0.01155710220336914,0,4
0.017508983612060547,0,5
0.05369710922241211,0,6
0.053707122802734375,0,6
0.05764603614807129,0,6
0.059652090072631836,0,6
0.06068301200866699,0,6
