Time,Dst,Type
0.0,0,1
0.0013000965118408203,0,2
0.0013020038604736328,0,2
0.002457141876220703,0,2
0.0024671554565429688,0,3
0.009106159210205078,0,4
0.01680612564086914,0,4
0.018059968948364258,0,4
0.018748998641967773,0,4
0.018754005432128906,0,4
0.020360946655273438,0,4
0.020370006561279297,0,4
0.027456045150756836,0,5
0.04157900810241699,0,6
0.05006814002990723,0,6
0.05357503890991211,0,6
0.057630062103271484,0,6
