Time,Dst,Type
0.0,0,2
0.0012860298156738281,0,2
0.0012960433959960938,0,2
0.0038640499114990234,0,3
0.005941152572631836,0,4
0.015206098556518555,0,5
0.023363113403320312,0,6
0.0451970100402832,0,6
0.053240060806274414,0,6
12.141157150268555,0,2
12.141163110733032,0,2
