Time,Dst,Type
0.0,0,1
4.0531158447265625e-06,0,2
0.0017011165618896484,0,2
0.002825021743774414,0,3
0.008749961853027344,0,4
0.009790182113647461,0,4
0.017248153686523438,0,5
0.02351999282836914,0,6
0.024821043014526367,0,6
0.048307180404663086,0,6
0.05219912528991699,0,6
0.05539202690124512,0,6
