Time,Dst,Type
0.0,0,1
9.059906005859375e-06,0,2
0.0016062259674072266,0,2
0.001638174057006836,0,2
0.004691123962402344,0,3
0.004722118377685547,0,3
0.007485151290893555,0,4
0.013711214065551758,0,5
0.028573036193847656,0,6
0.03417611122131348,0,6
0.04016709327697754,0,6
5.735824108123779,1,1
5.735859155654907,0,2
5.736852169036865,0,2
5.738408088684082,0,2
5.755904197692871,1,1
5.756886005401611,0,2
5.7584450244903564,0,2
5.758477210998535,0,2
