Time,Dst,Type
0.0,0,1
2.6941299438476562e-05,0,2
0.001628875732421875,0,3
0.0016570091247558594,0,2
0.0016639232635498047,0,3
0.005238056182861328,0,4
0.011844873428344727,0,5
0.022662878036499023,0,6
0.032026052474975586,0,6
0.03374290466308594,0,6
0.03963303565979004,0,6
5.7269439697265625,1,1
5.726969957351685,0,2
5.728442907333374,0,2
5.7284650802612305,0,2
5.747044086456299,1,1
5.747056007385254,0,2
5.74854588508606,0,2
5.748557090759277,0,2
