Time,Dst,Type
0.0,0,1
0.0064280033111572266,0,2
0.006454944610595703,0,2
0.007560014724731445,0,2
0.009155988693237305,0,3
0.009163856506347656,0,3
0.012045860290527344,0,4
0.018060922622680664,0,5
0.03491687774658203,0,6
0.037309885025024414,0,6
0.04069781303405762,0,6
5.7545318603515625,1,1
5.754554986953735,0,2
5.755563020706177,0,2
5.756633996963501,0,2
5.7745819091796875,1,1
5.775285959243774,0,2
5.777115821838379,0,2
5.778066873550415,0,2
