Time,Dst,Type
0.0,0,1
2.9087066650390625e-05,0,2
0.002679109573364258,0,2
0.002727985382080078,0,2
0.00362396240234375,0,3
0.003690004348754883,0,3
0.007752180099487305,0,4
0.014214038848876953,0,5
0.02448105812072754,0,6
0.03208518028259277,0,6
0.03437018394470215,0,6
0.03944897651672363,0,6
5.75205397605896,1,1
5.752066135406494,0,2
5.753089189529419,0,2
5.75410008430481,0,2
5.772241115570068,1,1
