Time,Dst,Type
0.0,0,1
2.9087066650390625e-05,0,2
0.0015430450439453125,0,2
0.0015790462493896484,0,2
0.0027930736541748047,0,3
0.0028150081634521484,0,3
0.003813028335571289,0,3
0.012156009674072266,0,5
0.02865004539489746,0,6
0.033921003341674805,0,6
0.0351259708404541,0,6
0.04044699668884277,0,6
5.742850065231323,1,1
5.74428391456604,0,2
5.7629640102386475,1,1
5.762990951538086,0,2
5.763981103897095,0,2
5.765088081359863,0,2
