Time,Dst,Type
0.0,0,1
2.9087066650390625e-05,0,2
0.0008959770202636719,0,2
0.0009219646453857422,0,2
0.0027320384979248047,0,3
0.0027420520782470703,0,3
0.005913972854614258,0,4
0.012166976928710938,0,5
0.026153087615966797,0,6
0.031762123107910156,0,6
0.03317713737487793,0,6
0.03867912292480469,0,6
5.733647108078003,1,1
5.733654022216797,0,2
5.735144138336182,0,2
5.735149145126343,0,2
5.753817081451416,0,2
5.755207061767578,0,2
