Time,Dst,Type
0.0,0,1
2.8133392333984375e-05,0,2
0.0012362003326416016,0,2
0.0033822059631347656,0,3
0.003406047821044922,0,3
0.0034182071685791016,0,3
0.0044710636138916016,0,3
0.006903171539306641,0,4
0.012814044952392578,0,5
0.025214195251464844,0,6
0.02936100959777832,0,6
0.030999183654785156,0,6
0.03521919250488281,0,6
5.7535951137542725,1,1
5.755277156829834,0,2
5.756261110305786,0,2
5.774760007858276,1,1
5.774795055389404,0,2
5.775599002838135,0,2
5.7766501903533936,0,2
