Time,Dst,Type
0.0,0,1
0.0010921955108642578,0,3
0.001110076904296875,0,2
0.002682209014892578,0,2
0.0027091503143310547,0,3
0.005298137664794922,0,4
0.010824203491210938,0,5
0.019388198852539062,0,6
0.02459406852722168,0,6
0.026894092559814453,0,6
0.031516075134277344,0,6
5.7320451736450195,1,1
5.734737157821655,0,2
5.734769105911255,0,2
5.752121210098267,1,1
5.753246068954468,0,2
5.753277063369751,0,2
5.754258155822754,0,2
