Time,Dst,Type
0.0,0,1
5.1975250244140625e-05,0,2
5.888938903808594e-05,0,3
0.0012350082397460938,0,2
0.0021979808807373047,0,2
0.0022249221801757812,0,3
0.0037450790405273438,0,4
0.01427602767944336,0,6
0.028029918670654297,0,6
0.02945089340209961,0,6
0.0351710319519043,0,6
5.799896001815796,1,1
5.7999279499053955,0,2
5.8013389110565186,0,2
5.801369905471802,0,2
5.820029020309448,1,1
5.822356939315796,0,2
5.82237696647644,0,2
5.823440074920654,0,2
