Time,Dst,Type
0.0,0,4
0.005530834197998047,0,5
0.01587986946105957,0,6
0.017162799835205078,0,6
