Time,Dst,Type
0.0,0,1
0.0007050037384033203,0,2
0.0018088817596435547,0,2
0.0018339157104492188,0,3
0.001840829849243164,0,2
0.003059864044189453,0,3
0.0030770301818847656,0,4
0.02512192726135254,0,6
0.02638697624206543,0,6
0.02734088897705078,0,6
0.028961896896362305,0,6
