Time,Dst,Type
0.0,0,1
0.0032291412353515625,0,3
0.003262042999267578,0,3
0.0032770633697509766,0,4
0.010492086410522461,0,5
0.02115011215209961,0,6
0.02317214012145996,0,6
0.025519132614135742,0,6
