Time,Dst,Type
0.0,0,2
0.0009989738464355469,0,2
0.0010259151458740234,0,2
0.02745509147644043,0,3
0.027482032775878906,0,3
0.028686046600341797,0,4
0.03645896911621094,0,5
0.04832100868225098,0,6
0.0501101016998291,0,6
0.05142498016357422,0,6
0.05241203308105469,0,6
