Time,Dst,Type
0.0,1,1
0.0012478828430175781,0,2
0.001277923583984375,0,2
0.002212047576904297,0,2
0.024734020233154297,0,3
0.026041030883789062,0,4
0.032167911529541016,0,5
0.04491996765136719,0,6
0.04601097106933594,0,6
0.0473170280456543,0,6
0.04836702346801758,0,6
