Time,Dst,Type
0.0,1,1
2.7894973754882812e-05,0,2
0.0010828971862792969,0,2
0.001104116439819336,0,2
0.023782968521118164,0,3
0.023793935775756836,0,3
0.025942087173461914,0,4
0.03196597099304199,0,5
0.04701709747314453,0,6
0.048269033432006836,0,6
0.050100088119506836,0,6
