Time,Dst,Type
0.0,0,2
0.0009181499481201172,0,2
0.0009431838989257812,0,2
0.03009200096130371,0,5
0.047119140625,0,6
0.049479007720947266,0,6
0.049504995346069336,0,6
