Time,Dst,Type
0.0,1,1
1.4781951904296875e-05,0,2
0.0011458396911621094,0,2
0.001157999038696289,0,2
0.022853851318359375,0,3
0.024637937545776367,0,4
0.0301668643951416,0,5
0.042018890380859375,0,6
0.043376922607421875,0,6
0.04514598846435547,0,6
0.04618096351623535,0,6
