Time,Dst,Type
0.0,0,2
0.0012290477752685547,0,2
0.002173185348510742,0,2
0.02248215675354004,0,3
0.022505998611450195,0,3
0.023604154586791992,0,4
0.03019118309020996,0,5
0.0415949821472168,0,6
0.043322086334228516,0,6
0.04523301124572754,0,6
