Time,Dst,Type
0.0,1,1
3.409385681152344e-05,0,2
0.0011551380157470703,0,2
0.0011839866638183594,0,2
0.021972179412841797,0,3
0.021978139877319336,0,3
0.02328014373779297,0,4
0.030781984329223633,0,5
0.03966999053955078,0,6
0.04107403755187988,0,6
0.0427701473236084,0,6
0.042800188064575195,0,6
