Time,Dst,Type
0.0,0,2
0.0007839202880859375,0,2
0.0008108615875244141,0,2
0.023076772689819336,0,3
0.023100852966308594,0,3
0.025049924850463867,0,3
0.025076866149902344,0,3
0.02615189552307129,0,4
0.03277778625488281,0,5
0.0504908561706543,0,6
0.051819801330566406,0,6
