Time,Dst,Type
0.0,1,1
0.0009140968322753906,0,2
0.002146005630493164,0,2
0.021810054779052734,0,3
0.021836042404174805,0,3
0.0232541561126709,0,4
0.031011104583740234,0,5
0.04805612564086914,0,6
0.04954409599304199,0,6
0.050791025161743164,0,6
0.0508570671081543,0,6
