Time,Dst,Type
0.0,0,2
2.288818359375e-05,0,2
3.0040740966796875e-05,0,2
0.022749900817871094,0,3
0.022775888442993164,0,3
0.024214982986450195,0,4
0.03003692626953125,0,5
0.048158884048461914,0,6
0.049302101135253906,0,6
0.051026105880737305,0,6
0.051095008850097656,0,6
