Time,Dst,Type
0.0,0,2
2.5987625122070312e-05,0,2
0.026647090911865234,0,3
0.02667403221130371,0,3
0.03477001190185547,0,4
0.05531597137451172,0,6
0.05825495719909668,0,6
