Time,Dst,Type
0.0,1,1
2.9087066650390625e-05,0,2
0.0013070106506347656,0,2
0.0013310909271240234,0,2
0.0225679874420166,0,3
0.02866196632385254,0,3
0.030842065811157227,0,4
0.03712797164916992,0,5
0.05363297462463379,0,6
0.055140018463134766,0,6
0.05635499954223633,0,6
0.05640101432800293,0,6
0.05802607536315918,0,6
0.05804610252380371,0,6
