Time,Dst,Type
0.0,0,2
0.0011060237884521484,0,2
0.001132965087890625,0,2
0.022678136825561523,0,3
0.022695064544677734,0,3
0.024026155471801758,0,4
0.030354022979736328,0,5
0.04714703559875488,0,6
0.04895615577697754,0,6
0.050271034240722656,0,6
0.051445960998535156,0,6
