Time,Dst,Type
0.0,0,2
0.0011019706726074219,0,2
0.0011210441589355469,0,2
0.02325606346130371,0,3
0.023276090621948242,0,3
0.024558067321777344,0,4
0.042272090911865234,0,6
0.0441591739654541,0,6
0.04556608200073242,0,6
0.04559803009033203,0,6
