Time,Dst,Type
0.0,1,1
2.6941299438476562e-05,0,2
0.0015289783477783203,0,2
0.0015718936920166016,0,2
0.022980928421020508,0,3
0.02298903465270996,0,3
0.024893999099731445,0,4
0.04088187217712402,0,6
0.044862985610961914,0,6
0.04894590377807617,0,6
0.05205798149108887,0,6
0.0533750057220459,0,6
