Time,Dst,Type
0.0,1,1
0.0013279914855957031,0,2
0.0022890567779541016,0,2
0.024168968200683594,0,3
0.025393009185791016,0,4
0.03199195861816406,0,5
0.04921412467956543,0,6
0.05073404312133789,0,6
0.0524449348449707,0,6
0.05347704887390137,0,6
