Time,Dst,Type
0.0,1,1
3.2901763916015625e-05,0,2
0.001435995101928711,0,2
0.0014638900756835938,0,2
0.022917985916137695,0,3
0.022946834564208984,0,3
0.02411794662475586,0,4
0.031140804290771484,0,5
0.03804588317871094,0,6
0.03935694694519043,0,6
0.041313886642456055,0,6
0.04134488105773926,0,6
