Time,Dst,Type
0.0,1,1
0.0010890960693359375,0,2
0.02289295196533203,0,3
0.02407693862915039,0,3
0.024106979370117188,0,4
0.03120899200439453,0,5
0.04366302490234375,0,6
0.04540395736694336,0,6
0.04704093933105469,0,6
0.04858088493347168,0,6
