Time,Dst,Type
0.0,1,1
0.0013070106506347656,0,2
0.0013158321380615234,0,2
0.024065017700195312,0,3
0.024086952209472656,0,3
0.025339841842651367,0,4
0.03210783004760742,0,5
0.04214787483215332,0,6
0.043504953384399414,0,6
0.04604291915893555,0,6
0.0473020076751709,0,6
