Time,Dst,Type
0.0,0,2
0.0009419918060302734,0,2
0.021380901336669922,0,3
0.022562026977539062,0,3
0.022588014602661133,0,4
0.029603004455566406,0,5
0.0372920036315918,0,6
0.03859305381774902,0,6
0.041127920150756836,0,6
0.04231691360473633,0,6
