Time,Dst,Type
0.0,1,1
0.0012340545654296875,0,2
0.0012640953063964844,0,2
0.002196073532104492,0,2
0.02392411231994629,0,3
0.02502608299255371,0,4
0.03167009353637695,0,5
0.03943920135498047,0,6
0.04044008255004883,0,6
0.04291510581970215,0,6
0.04405021667480469,0,6
