Time,Dst,Type
0.0,0,1
2.6941299438476562e-05,0,2
0.0013310909271240234,0,2
0.0013589859008789062,0,2
0.002362966537475586,0,3
0.002382993698120117,0,3
0.005548000335693359,0,4
0.012663125991821289,0,5
0.014307975769042969,0,6
0.02633810043334961,0,6
0.02890801429748535,0,6
0.03252601623535156,0,6
0.03477191925048828,0,6
