Time,Dst,Type
0.0,0,1
0.0017809867858886719,0,2
0.004278898239135742,0,3
0.004291057586669922,0,3
0.006886005401611328,0,4
0.013547897338867188,0,5
0.017026901245117188,0,6
0.0255279541015625,0,6
0.028104066848754883,0,6
0.031701087951660156,0,6
4.539139032363892,1,1
4.539170980453491,0,2
4.541907072067261,0,2
4.541938066482544,0,2
