Time,Dst,Type
0.0,0,2
0.010864019393920898,0,3
0.010894060134887695,0,3
0.02094888687133789,0,5
0.023226022720336914,0,6
0.03245997428894043,0,6
0.03646397590637207,0,6
0.45638298988342285,1,1
0.4564359188079834,0,2
0.4575350284576416,0,2
0.4585869312286377,0,2
