Time,Dst,Type
0.0,0,1
2.7894973754882812e-05,0,2
0.0012898445129394531,0,2
0.0013179779052734375,0,2
0.013458013534545898,0,3
0.013486862182617188,0,3
0.02403402328491211,0,5
0.02917194366455078,0,6
0.033780813217163086,0,6
0.03679299354553223,0,6
0.038429975509643555,0,6
0.41632890701293945,1,1
0.41693782806396484,0,2
0.41880202293395996,0,2
0.4313850402832031,0,2
0.4326939582824707,0,2
9.377449035644531,1,1
9.398838996887207,0,2
9.399905920028687,0,2
9.399940013885498,0,2
