Time,Dst,Type
0.0,0,3
3.0040740966796875e-05,0,3
0.0023992061614990234,0,4
0.008910179138183594,0,5
0.01971602439880371,0,6
0.02309107780456543,0,6
0.02518010139465332,0,6
0.02524399757385254,0,6
3.6080381870269775,1,1
3.6080710887908936,0,2
3.6088972091674805,0,2
3.62947416305542,1,1
3.630568027496338,0,2
3.631633996963501,0,2
