Time,Dst,Type
0.0,0,3
0.0036149024963378906,0,4
0.01143789291381836,0,5
0.02980184555053711,0,6
0.03211498260498047,0,6
0.03464984893798828,0,6
0.036154985427856445,0,6
6.309460878372192,1,1
6.309480905532837,0,2
6.311690807342529,0,2
