Time,Dst,Type
0.0,0,3
7.867813110351562e-06,0,3
0.002641916275024414,0,4
0.00918889045715332,0,5
0.025261878967285156,0,6
0.028276920318603516,0,6
0.029983997344970703,0,6
0.031394004821777344,0,6
3.5829358100891113,1,1
3.584502935409546,0,2
3.5845179557800293,0,2
3.5858378410339355,0,2
3.6061840057373047,1,1
3.6073498725891113,0,2
3.6085798740386963,0,2
