Time,Dst,Type
0.0,0,3
2.7894973754882812e-05,0,3
0.003256082534790039,0,4
0.010287046432495117,0,5
0.02018904685974121,0,6
0.02147507667541504,0,6
0.023459911346435547,0,6
0.023518085479736328,0,6
3.610337018966675,0,2
3.6103529930114746,0,2
3.611301898956299,0,2
3.6318650245666504,1,1
3.631890058517456,0,2
3.6329760551452637,0,2
16.26594090461731,1,1
16.267919063568115,0,2
16.267952919006348,0,2
16.269840002059937,0,2
16.289604902267456,1,1
16.290719032287598,0,2
