Time,Dst,Type
0.0,0,3
2.6941299438476562e-05,0,3
3.2901763916015625e-05,0,3
0.002482891082763672,0,4
0.00904703140258789,0,5
0.012387990951538086,0,6
0.01574397087097168,0,6
0.017034053802490234,0,6
0.019689083099365234,0,6
6.510772943496704,1,1
6.5107879638671875,0,2
6.512145042419434,0,2
6.512155055999756,0,2
6.533766984939575,1,1
6.533789873123169,0,2
6.534823894500732,0,2
6.53482985496521,0,2
