Time,Dst,Type
0.0,0,3
5.0067901611328125e-06,0,3
1.0013580322265625e-05,0,3
0.0014469623565673828,0,3
0.0014829635620117188,0,3
0.0024399757385253906,0,3
0.004957914352416992,0,4
0.011599063873291016,0,5
0.01964092254638672,0,6
0.021795034408569336,0,6
0.021820068359375,0,6
0.024940967559814453,0,6
6.314259052276611,0,2
6.328235864639282,1,1
6.328253984451294,0,2
6.329620838165283,0,2
6.3296380043029785,0,2
