Time,Dst,Type
0.0,0,3
1.9073486328125e-05,0,3
0.002420186996459961,0,4
0.009269952774047852,0,5
0.027765989303588867,0,6
0.03083014488220215,0,6
0.03223299980163574,0,6
0.03412318229675293,0,6
3.6825270652770996,1,1
3.685206174850464,0,2
3.705449104309082,1,1
3.7054810523986816,0,2
3.7063469886779785,0,2
