Time,Dst,Type
0.0,0,3
4.100799560546875e-05,0,3
0.0025801658630371094,0,4
0.003520965576171875,0,4
0.0035851001739501953,0,4
0.01159214973449707,0,5
0.03957509994506836,0,6
0.04163694381713867,0,6
0.0427241325378418,0,6
0.04537510871887207,0,6
