Time,Dst,Type
0.0,0,1
3.0040740966796875e-05,0,2
0.0014960765838623047,0,2
0.001528024673461914,0,3
0.0015358924865722656,0,2
0.0015430450439453125,0,3
0.0024878978729248047,0,4
0.009660959243774414,0,5
0.025624990463256836,0,6
0.025647878646850586,0,6
0.025691986083984375,0,6
0.026896953582763672,0,6
0.02824091911315918,0,6
