Time,Dst,Type
0.0,1,1
2.2172927856445312e-05,0,2
0.0026810169219970703,0,2
0.049630165100097656,1,1
0.0519411563873291,0,2
0.05194902420043945,0,2
0.052761077880859375,0,2
0.7932820320129395,0,1
0.7932991981506348,0,1
0.7953391075134277,0,2
0.7953670024871826,0,2
0.7961981296539307,0,3
0.7962191104888916,0,3
0.7962250709533691,0,3
0.7970452308654785,0,4
0.8044462203979492,0,5
0.8066380023956299,0,6
0.8078160285949707,0,6
0.8088212013244629,0,6
0.8107271194458008,0,6
0.8131811618804932,0,6
