Time,Dst,Type
0.0,0,1
0.0015130043029785156,0,2
0.0015330314636230469,0,3
0.002794027328491211,0,3
0.002803802490234375,0,4
0.01211690902709961,0,5
0.03010082244873047,0,6
0.03245091438293457,0,6
0.03248286247253418,0,6
