Time,Dst,Type
0.0,0,1
1.4066696166992188e-05,0,3
0.0012259483337402344,0,2
0.0012459754943847656,0,2
0.003267049789428711,0,4
0.02720499038696289,0,6
0.02879500389099121,0,6
0.02981114387512207,0,6
0.03060007095336914,0,6
