Time,Dst,Type
0.0,0,3
2.7894973754882812e-05,0,3
0.00409698486328125,0,4
0.010711908340454102,0,5
0.030041933059692383,0,6
0.03127908706665039,0,6
0.033271074295043945,0,6
