Time,Dst,Type
0.0,0,3
3.0994415283203125e-05,0,3
0.004626035690307617,0,4
0.010869026184082031,0,5
0.015436172485351562,0,6
0.024178028106689453,0,6
0.02850508689880371,0,6
0.02858710289001465,0,6
99.00402808189392,0,2
99.02489018440247,1,1
99.02619504928589,0,2
99.02622699737549,0,2
99.0274441242218,0,2
