Time,Dst,Type
0.0,0,3
2.4080276489257812e-05,0,3
0.004554033279418945,0,4
0.004578113555908203,0,4
0.004583120346069336,0,4
0.005834102630615234,0,4
0.005869150161743164,0,4
0.012814998626708984,0,5
0.027899980545043945,0,6
0.032842159271240234,0,6
0.034605979919433594,0,6
0.03590703010559082,0,6
