Time,Dst,Type
0.0,0,3
2.9802322387695312e-05,0,3
0.002808809280395508,0,4
0.010558843612670898,0,5
0.02525496482849121,0,6
0.0277099609375,0,6
0.027772903442382812,0,6
0.02974081039428711,0,6
0.03159284591674805,0,6
6.426492929458618,1,1
6.44883394241333,1,1
16.34367799758911,1,1
16.34370493888855,0,2
16.34545397758484,0,2
16.346007823944092,0,2
16.36644983291626,1,1
