Time,Dst,Type
0.0,0,3
0.004197835922241211,0,4
0.01119685173034668,0,5
0.023256778717041016,0,6
0.025513887405395508,0,6
0.027420997619628906,0,6
0.028415918350219727,0,6
6.165825843811035,1,1
6.166688919067383,0,2
6.167940855026245,0,2
6.167968988418579,0,2
6.187901973724365,1,1
6.188689947128296,0,2
6.189965009689331,0,2
6.189990997314453,0,2
