Time,Dst,Type
0.0,0,3
2.7894973754882812e-05,0,3
0.003866910934448242,0,4
0.009747982025146484,0,5
0.025913000106811523,0,6
0.027230024337768555,0,6
0.028929948806762695,0,6
6.297753810882568,1,1
6.297783851623535,0,2
6.29887580871582,0,2
6.30162501335144,0,2
6.319583892822266,1,1
6.319594860076904,0,2
6.322220802307129,0,2
6.322248935699463,0,2
