Time,Dst,Type
0.0,0,4
0.006084918975830078,0,5
0.013025045394897461,0,6
0.022331953048706055,0,6
0.0243070125579834,0,6
0.025094985961914062,0,6
6.310104846954346,1,1
6.31011700630188,0,2
6.311776876449585,0,2
