Time,Dst,Type
0.0,0,3
0.0012938976287841797,0,3
0.0050580501556396484,0,4
0.011259078979492188,0,5
0.012515068054199219,0,5
0.021563053131103516,0,6
0.02384209632873535,0,6
0.026343107223510742,0,6
6.377073049545288,1,1
6.382780075073242,0,2
6.382797002792358,0,2
6.383815050125122,0,2
6.401499032974243,1,1
6.40695595741272,0,2
6.406965970993042,0,2
6.408068895339966,0,2
