Time,Dst,Type
0.0,0,2
3.0994415283203125e-05,0,2
0.012475967407226562,0,3
0.022290945053100586,0,4
0.030305147171020508,0,5
0.047779083251953125,0,6
0.05045509338378906,0,6
0.052258968353271484,0,6
0.4942750930786133,1,1
0.503364086151123,0,2
