Time,Dst,Type
0.0,1,1
0.0008599758148193359,0,2
0.0008981227874755859,0,2
0.0019559860229492188,0,2
0.043324947357177734,0,3
0.044461965560913086,0,3
0.045658111572265625,0,4
0.05289196968078613,0,5
0.06725692749023438,0,6
0.06822705268859863,0,6
