Time,Dst,Type
0.0,1,1
3.0040740966796875e-05,0,2
0.000946044921875,0,2
0.0009729862213134766,0,2
0.043457984924316406,0,3
0.04456496238708496,0,3
0.0445859432220459,0,4
0.07597899436950684,0,6
0.07719993591308594,0,6
0.07935905456542969,0,6
0.08131790161132812,0,6
