Time,Dst,Type
0.0,1,1
0.0009508132934570312,0,2
0.0009829998016357422,0,2
0.042822837829589844,0,3
0.04385089874267578,0,3
0.044859886169433594,0,4
0.0654749870300293,0,6
0.06646394729614258,0,6
0.06791901588439941,0,6
0.06914687156677246,0,6
