Time,Dst,Type
0.0,1,1
3.790855407714844e-05,0,2
0.0010650157928466797,0,2
0.0010960102081298828,0,2
0.043916940689086914,0,3
0.043936967849731445,0,3
0.044943809509277344,0,4
0.05132484436035156,0,5
0.06720590591430664,0,6
0.06869983673095703,0,6
0.07054686546325684,0,6
0.07162690162658691,0,6
