Time,Dst,Type
0.0,1,1
0.0009188652038574219,0,2
0.0009448528289794922,0,2
0.0454409122467041,0,3
0.04547476768493652,0,3
0.04548478126525879,0,4
0.0529179573059082,0,5
0.0689389705657959,0,6
0.07038998603820801,0,6
0.0713949203491211,0,6
0.07367897033691406,0,6
