Time,Dst,Type
0.0,1,1
0.001024007797241211,0,2
0.0010509490966796875,0,2
0.002395153045654297,0,2
0.04383993148803711,0,3
0.04385495185852051,0,3
0.04517197608947754,0,4
0.05242013931274414,0,5
0.06626105308532715,0,6
0.06730794906616211,0,6
0.06824898719787598,0,6
0.06946802139282227,0,6
0.07072997093200684,0,6
0.07353615760803223,0,6
0.07466411590576172,0,6
