Time,Dst,Type
0.0,1,1
0.001241922378540039,0,2
0.04523015022277832,0,3
0.046217918395996094,0,4
0.05319094657897949,0,5
0.07047510147094727,0,6
0.07136392593383789,0,6
0.0746619701385498,0,6
