Time,Dst,Type
0.0,1,1
3.600120544433594e-05,0,2
0.0013039112091064453,0,2
0.0013360977172851562,0,2
0.043981075286865234,0,3
0.044909000396728516,0,3
0.04492807388305664,0,4
0.0526430606842041,0,5
0.054171085357666016,0,6
0.05601096153259277,0,6
0.06218099594116211,0,6
0.06418490409851074,0,6
