Time,Dst,Type
0.0,1,1
2.8848648071289062e-05,0,2
0.0011157989501953125,0,2
0.0011339187622070312,0,2
0.043588876724243164,0,3
0.04482698440551758,0,4
0.051338911056518555,0,5
0.06550288200378418,0,6
0.06672978401184082,0,6
0.07012701034545898,0,6
0.0717308521270752,0,6
