Time,Dst,Type
0.0,1,1
3.1948089599609375e-05,0,2
0.001210927963256836,0,2
0.0012350082397460938,0,2
0.04357290267944336,0,3
0.04358100891113281,0,3
0.04519295692443848,0,4
0.05165982246398926,0,5
0.06532096862792969,0,6
0.06651592254638672,0,6
0.06780290603637695,0,6
0.06966400146484375,0,6
