Time,Dst,Type
0.0,1,1
0.002613067626953125,0,2
0.04577803611755371,0,3
0.04579901695251465,0,3
0.0665440559387207,0,6
0.06773996353149414,0,6
0.0727391242980957,0,6
