Time,Dst,Type
0.0,0,1
2.7894973754882812e-05,0,2
0.0009849071502685547,0,2
0.0022728443145751953,0,2
0.0035619735717773438,0,3
0.004354953765869141,0,3
0.007524967193603516,0,4
0.013669967651367188,0,5
0.035794973373413086,0,6
0.045532941818237305,0,6
