Time,Dst,Type
0.0,0,1
3.1948089599609375e-05,0,2
0.0009729862213134766,0,2
0.0009918212890625,0,2
0.07560491561889648,0,3
0.07760190963745117,0,4
0.08482885360717773,0,5
0.08891797065734863,0,6
0.09361386299133301,0,6
0.09555196762084961,0,6
0.09728193283081055,0,6
9.518224954605103,1,1
9.51885199546814,0,2
9.518868923187256,0,2
9.53159499168396,1,1
9.533018827438354,0,2
12.470963954925537,0,2
12.470993995666504,0,2
