Time,Dst,Type
0.0,0,1
7.867813110351562e-06,0,2
0.006031036376953125,0,2
0.0068340301513671875,0,2
0.09018898010253906,0,5
9.433897972106934,0,2
9.435175895690918,0,2
9.44675898551941,1,1
9.446792840957642,0,2
9.447893857955933,0,2
9.44792890548706,0,2
