Time,Dst,Type
0.0,0,1
2.4080276489257812e-05,0,2
0.0011620521545410156,0,2
0.0011820793151855469,0,2
0.004791975021362305,0,3
0.0048160552978515625,0,3
0.007211923599243164,0,4
0.013709068298339844,0,5
0.03034496307373047,0,6
0.04328203201293945,0,6
0.044342041015625,0,6
0.04614114761352539,0,6
0.0475621223449707,0,6
0.04993414878845215,0,6
1.1960909366607666,1,1
1.19610595703125,0,2
1.1971261501312256,0,2
11.241647005081177,1,1
11.24167799949646,0,2
11.242600917816162,0,2
