Time,Dst,Type
0.0,0,1
0.003910064697265625,0,3
0.00393986701965332,0,3
0.003947019577026367,0,3
0.0050868988037109375,0,3
0.0076868534088134766,0,4
0.0077190399169921875,0,4
0.015648841857910156,0,5
0.02792191505432129,0,6
0.035675048828125,0,6
0.0376439094543457,0,6
0.042448997497558594,0,6
5.742146015167236,1,1
5.742179870605469,0,2
5.744027853012085,0,2
5.744063854217529,0,2
5.762753963470459,1,1
5.762807846069336,0,2
5.763767957687378,0,2
