Time,Dst,Type
0.0,0,1
3.0994415283203125e-05,0,2
0.0015621185302734375,0,2
0.0015900135040283203,0,3
0.0015981197357177734,0,2
0.0016050338745117188,0,3
0.004134178161621094,0,4
0.028352022171020508,0,6
0.03261399269104004,0,6
0.033895015716552734,0,6
0.03786516189575195,0,6
0.36592817306518555,1,1
0.3659391403198242,0,2
0.36732006072998047,0,2
0.36733102798461914,0,2
1.3052141666412354,1,1
1.3052210807800293,0,2
1.3062801361083984,0,2
1.3062851428985596,0,2
