Time,Dst,Type
0.0,0,1
0.0020449161529541016,0,2
0.002065896987915039,0,3
0.0020699501037597656,0,2
0.003270864486694336,0,2
0.0032868385314941406,0,3
0.029721975326538086,0,6
0.030437946319580078,0,6
0.03308296203613281,0,6
0.0355219841003418,0,6
0.038594961166381836,0,6
1.1731958389282227,0,2
1.174116849899292,0,2
