Time,Dst,Type
0.0,0,1
1.4066696166992188e-05,0,1
0.0013360977172851562,0,2
0.00798797607421875,0,3
0.008013010025024414,0,3
0.012050151824951172,0,4
0.019276142120361328,0,5
0.02877497673034668,0,6
0.05667614936828613,0,6
0.05880618095397949,0,6
0.06135296821594238,0,6
9.354969024658203,1,1
9.355003118515015,1,1
9.360290050506592,0,2
9.360321044921875,0,2
9.378201007843018,1,1
9.378209114074707,0,2
9.379163980484009,1,1
9.379173994064331,0,2
9.380714178085327,0,2
