Time,Dst,Type
0.0,0,1
0.0023910999298095703,0,2
0.002415180206298828,0,3
0.0024220943450927734,0,2
0.009003162384033203,0,4
0.015844106674194336,0,5
0.029690027236938477,0,6
0.052625179290771484,0,6
0.05981898307800293,0,6
0.06347298622131348,0,6
9.36604619026184,1,1
9.366990089416504,0,2
9.36699914932251,1,1
9.368473052978516,0,2
