Time,Dst,Type
0.0,0,1
3.314018249511719e-05,0,2
0.0009951591491699219,0,2
0.0010311603546142578,0,2
0.0053789615631103516,0,3
0.005414009094238281,0,3
0.006751060485839844,0,4
0.01880812644958496,0,6
0.045974016189575195,0,6
0.04771113395690918,0,6
0.050425052642822266,0,6
9.345525026321411,0,2
9.346850156784058,0,2
9.37096095085144,1,1
9.370996952056885,0,2
9.371922969818115,0,2
