Time,Dst,Type
0.0,0,1
3.218650817871094e-05,0,2
0.001085042953491211,0,2
0.0011119842529296875,0,2
0.004991054534912109,0,3
0.009591102600097656,0,4
0.01636219024658203,0,5
0.02478504180908203,0,6
0.04526996612548828,0,6
0.05111408233642578,0,6
9.324579000473022,1,1
9.344818115234375,1,1
9.3458571434021,0,2
9.345874071121216,0,2
9.346655130386353,0,2
