Time,Dst,Type
0.0,0,1
1.8835067749023438e-05,0,2
0.0012559890747070312,0,2
0.00474095344543457,0,3
0.0056018829345703125,0,3
0.008528947830200195,0,4
0.01929497718811035,0,6
0.03731894493103027,0,6
0.03865385055541992,0,6
0.041725873947143555,0,6
9.467291831970215,0,2
9.468246936798096,0,2
9.48536491394043,1,1
9.486690998077393,0,2
9.486718893051147,0,2
9.487929821014404,0,2
