Time,Dst,Type
0.0,0,1
6.9141387939453125e-06,0,2
0.0011219978332519531,0,2
0.0011279582977294922,0,3
0.0011298656463623047,0,2
0.001132965087890625,0,3
0.005702972412109375,0,4
0.012122869491577148,0,5
0.022650957107543945,0,6
0.044714927673339844,0,6
0.046098947525024414,0,6
0.04923701286315918,0,6
9.463860988616943,1,1
9.464717864990234,0,2
9.464753866195679,0,2
9.465750932693481,0,2
9.488681077957153,1,1
9.489604949951172,0,2
9.489624977111816,0,2
9.490393877029419,0,2
