Time,Dst,Type
0.0,0,1
2.6941299438476562e-05,0,2
0.0010340213775634766,0,2
0.0010619163513183594,0,2
0.0038268566131591797,0,3
0.003854036331176758,0,3
0.005159854888916016,0,4
0.01258087158203125,0,5
0.028414011001586914,0,6
0.03685307502746582,0,6
0.0380859375,0,6
0.04186701774597168,0,6
9.330529928207397,1,1
9.330563068389893,0,2
9.33149790763855,0,2
9.331517934799194,0,2
9.350012063980103,1,1
9.350044965744019,0,2
9.350991010665894,0,2
9.351032972335815,0,2
