Time,Dst,Type
0.0,0,3
3.314018249511719e-05,0,3
0.0051860809326171875,0,4
0.011439085006713867,0,5
0.020547151565551758,0,6
0.023373126983642578,0,6
0.02906012535095215,0,6
9.34817099571228,1,1
9.349509954452515,0,2
9.349539041519165,0,2
9.3504159450531,0,2
13.330412149429321,1,1
13.330440044403076,0,2
13.331521034240723,0,2
13.331547021865845,0,2
19.3175630569458,1,1
19.3175950050354,0,2
19.318535089492798,0,2
19.331371068954468,1,1
