Time,Dst,Type
0.0,0,3
7.152557373046875e-06,0,3
0.009678125381469727,0,5
0.024154186248779297,0,6
0.028051137924194336,0,6
0.02957606315612793,0,6
0.037650108337402344,0,6
9.48369812965393,0,2
9.485303163528442,0,2
9.485334157943726,0,2
