Time,Dst,Type
0.0,0,3
3.0040740966796875e-05,0,3
0.004148006439208984,0,4
0.004173994064331055,0,4
0.01122593879699707,0,5
0.01775193214416504,0,6
0.020714998245239258,0,6
0.023062944412231445,0,6
0.026263952255249023,0,6
9.47272801399231,1,1
9.472739934921265,0,2
9.474472045898438,0,2
9.4753999710083,0,2
13.03758192062378,1,1
13.037611961364746,0,2
13.03846287727356,0,2
19.48841094970703,1,1
19.488440990447998,0,2
19.489691972732544,0,2
19.4897198677063,0,2
