Time,Dst,Type
0.0,0,3
2.5033950805664062e-05,0,3
0.004086971282958984,0,4
0.010664939880371094,0,5
0.02009105682373047,0,6
0.023318052291870117,0,6
0.02334284782409668,0,6
0.025369882583618164,0,6
0.03183603286743164,0,6
9.44669485092163,1,1
9.448890924453735,0,2
9.448921918869019,0,2
13.317195892333984,1,1
13.317224025726318,0,2
13.318443059921265,0,2
13.318470001220703,0,2
13.331064939498901,1,1
13.331094980239868,0,2
13.332541942596436,0,2
19.41494607925415,1,1
19.415910959243774,0,2
