Time,Dst,Type
0.0,0,3
0.0043790340423583984,0,4
0.012466192245483398,0,5
0.027932167053222656,0,6
0.031223058700561523,0,6
0.03576922416687012,0,6
0.04114413261413574,0,6
0.04488420486450195,0,6
9.577378034591675,1,1
9.577405214309692,0,2
9.578562021255493,0,2
9.579514026641846,0,2
13.686254024505615,1,1
13.687719106674194,0,2
13.691195011138916,0,2
13.692835092544556,0,2
13.700979232788086,1,1
13.701009035110474,0,2
13.701979160308838,0,2
13.702007055282593,0,2
19.446009159088135,0,2
