Time,Dst,Type
0.0,0,3
0.001068115234375,0,3
0.004339933395385742,0,4
0.01075291633605957,0,5
0.018475055694580078,0,6
0.020792007446289062,0,6
0.024001121520996094,0,6
9.415380001068115,1,1
9.415414094924927,0,2
9.416837930679321,0,2
9.4168701171875,0,2
13.379976987838745,1,1
13.393831014633179,1,1
13.395641088485718,0,2
13.395668983459473,0,2
19.38597011566162,1,1
19.38726806640625,0,2
19.389235019683838,0,2
