Time,Dst,Type
0.0,0,1
2.6941299438476562e-05,0,2
0.0012388229370117188,0,2
0.001271963119506836,0,2
0.0027837753295898438,0,3
0.0028100013732910156,0,3
0.005760908126831055,0,4
0.012559890747070312,0,5
0.021629810333251953,0,6
0.028824806213378906,0,6
0.031729936599731445,0,6
5.729249000549316,1,1
5.730173826217651,0,2
5.731845855712891,0,2
5.749622821807861,1,1
5.750443935394287,0,2
5.751529932022095,0,2
5.751556873321533,0,2
