Time,Dst,Type
0.0,0,1
2.5987625122070312e-05,0,2
0.0012240409851074219,0,2
0.0012519359588623047,0,3
0.0012590885162353516,0,2
0.0012660026550292969,0,3
0.004867076873779297,0,4
0.011842966079711914,0,5
0.01685810089111328,0,6
0.035787105560302734,0,6
0.03720998764038086,0,6
0.04109001159667969,0,6
9.564692974090576,1,1
9.565984010696411,0,2
9.56666612625122,0,2
19.58419895172119,1,1
