Time,Dst,Type
0.0,0,1
2.193450927734375e-05,0,2
0.0009980201721191406,0,2
0.0010149478912353516,0,2
0.0042018890380859375,0,3
0.004218101501464844,0,3
0.006551980972290039,0,4
0.02552008628845215,0,5
0.026864051818847656,0,6
0.05582308769226074,0,6
0.05720710754394531,0,6
0.06501507759094238,0,6
10.256462097167969,1,1
10.257976055145264,0,2
10.258895874023438,0,2
10.258922100067139,0,2
