Time,Dst,Type
0.0,0,1
0.0007159709930419922,0,2
0.0007359981536865234,0,3
0.001847982406616211,0,2
0.0018689632415771484,0,2
0.0018880367279052734,0,3
0.005053043365478516,0,4
0.01165914535522461,0,5
0.011687994003295898,0,5
0.03914904594421387,0,6
0.040899038314819336,0,6
9.647083044052124,1,1
9.647933006286621,1,1
9.647999048233032,1,1
9.648008108139038,0,2
9.65203595161438,0,2
