Time,Dst,Type
0.0,0,2
0.0008449554443359375,0,3
0.0008687973022460938,0,2
0.002115964889526367,0,3
0.021806955337524414,0,6
0.052815914154052734,0,6
0.06516289710998535,0,6
9.722797870635986,1,1
9.739930868148804,1,1
9.741519927978516,1,1
