Time,Dst,Type
0.0,0,1
0.0011129379272460938,0,2
0.0011298656463623047,0,2
0.002424955368041992,0,2
0.00244903564453125,0,3
0.005827903747558594,0,4
0.030024051666259766,0,6
0.043792009353637695,0,6
0.04756498336791992,0,6
0.054991960525512695,0,6
