Time,Dst,Type
0.0,0,2
0.0012788772583007812,0,2
0.0039789676666259766,0,3
0.004004955291748047,0,3
0.00654292106628418,0,4
0.013375043869018555,0,5
0.026434898376464844,0,6
0.04601597785949707,0,6
0.05772089958190918,0,6
10.866926908493042,1,1
10.866955995559692,0,2
10.867595911026001,0,2
10.867621898651123,0,2
10.885787010192871,1,1
10.887269020080566,0,2
10.888515949249268,0,2
