Time,Dst,Type
0.0,0,1
2.193450927734375e-05,0,2
0.0012359619140625,0,3
0.0012509822845458984,0,2
0.002118825912475586,0,3
0.004517793655395508,0,4
0.011689901351928711,0,5
0.017915964126586914,0,6
0.04961800575256348,0,6
0.05213499069213867,0,6
0.05698680877685547,0,6
10.701214790344238,1,1
10.701243877410889,0,2
10.70216679573059,0,2
10.725135803222656,1,1
10.72516679763794,0,2
10.727224826812744,0,2
10.72940182685852,0,2
