Time,Dst,Type
0.0,1,1
3.123283386230469e-05,0,2
0.0007982254028320312,0,2
0.0008261203765869141,0,2
0.05450701713562012,0,3
0.0564730167388916,0,4
0.062264204025268555,0,5
0.07676506042480469,0,6
0.07942318916320801,0,6
0.08070611953735352,0,6
0.0818631649017334,0,6
