Time,Dst,Type
0.0,1,1
0.03058600425720215,0,3
0.0305938720703125,0,3
0.03279399871826172,0,4
0.04009389877319336,0,5
0.058122873306274414,0,6
0.06046104431152344,0,6
0.06206989288330078,0,6
0.06380105018615723,0,6
