Time,Dst,Type
0.0,1,1
3.504753112792969e-05,0,2
0.0005030632019042969,0,2
0.0005240440368652344,0,2
0.02302694320678711,0,3
0.02305006980895996,0,3
0.02471303939819336,0,4
0.03129696846008301,0,5
0.04410290718078613,0,6
0.04616093635559082,0,6
0.047831058502197266,0,6
0.04865097999572754,0,6
