Time,Dst,Type
0.0,1,1
3.314018249511719e-05,0,2
0.0010590553283691406,0,2
0.02617812156677246,0,3
0.02620220184326172,0,3
0.027168989181518555,0,4
0.03461098670959473,0,5
0.04726099967956543,0,6
0.04829001426696777,0,6
0.04991412162780762,0,6
0.05088210105895996,0,6
