Time,Dst,Type
0.0,1,1
3.2901763916015625e-05,0,2
0.0015249252319335938,0,2
0.0015559196472167969,0,2
0.026339054107666016,0,3
0.026382923126220703,0,3
0.027560949325561523,0,3
0.02861499786376953,0,4
0.03557586669921875,0,5
0.04376506805419922,0,6
0.04485201835632324,0,6
0.046050071716308594,0,6
0.047579050064086914,0,6
