Time,Dst,Type
0.0,1,1
2.002716064453125e-05,0,2
0.0011401176452636719,0,2
0.02387714385986328,0,3
0.023888111114501953,0,3
0.059957027435302734,0,6
0.061100006103515625,0,6
0.0716409683227539,0,6
0.0716559886932373,0,6
0.07833504676818848,0,6
