Time,Dst,Type
0.0,1,1
4.38690185546875e-05,0,2
0.0010409355163574219,0,2
0.0010688304901123047,0,2
0.024052858352661133,0,3
0.024080991744995117,0,3
0.0253908634185791,0,4
0.03237581253051758,0,5
0.03929495811462402,0,6
0.04058194160461426,0,6
0.04225492477416992,0,6
0.043443918228149414,0,6
