Time,Dst,Type
0.0,1,1
3.0994415283203125e-05,0,2
0.0008249282836914062,0,2
0.0008521080017089844,0,2
0.022783994674682617,0,3
0.022808074951171875,0,3
0.024799108505249023,0,4
0.031237125396728516,0,5
0.037104129791259766,0,6
0.04394197463989258,0,6
0.04539203643798828,0,6
0.04667997360229492,0,6
0.046708106994628906,0,6
