Time,Dst,Type
0.0,1,1
3.0994415283203125e-05,0,2
0.000843048095703125,0,2
0.0018918514251708984,0,2
0.02472400665283203,0,4
0.03175997734069824,0,5
0.040025949478149414,0,6
0.04060006141662598,0,6
0.04237794876098633,0,6
0.05143284797668457,0,6
0.05146384239196777,0,6
0.05257391929626465,0,6
