Time,Dst,Type
0.0,0,1
3.0040740966796875e-05,0,2
0.0010271072387695312,0,2
0.005311012268066406,0,3
0.00532221794128418,0,3
0.008524179458618164,0,4
0.02989816665649414,0,6
0.06298518180847168,0,6
9.347832202911377,1,1
9.347841024398804,0,2
9.347844123840332,1,1
9.350666046142578,0,2
9.369862079620361,1,1
9.371825218200684,0,2
9.37471604347229,0,2
9.376082181930542,0,2
