Time,Dst,Type
0.0,0,1
1.9073486328125e-05,0,2
0.0015330314636230469,0,2
0.0025920867919921875,0,2
0.004783153533935547,0,3
0.005923032760620117,0,3
0.017560958862304688,0,5
0.030951976776123047,0,6
0.0545811653137207,0,6
9.45176911354065,1,1
9.451801061630249,0,2
9.451810121536255,1,1
9.45318603515625,0,2
9.45438003540039,0,2
9.477461099624634,1,1
9.47857403755188,0,2
9.478583097457886,1,1
9.480033159255981,0,2
9.480066061019897,0,2
