Time,Dst,Type
0.0,0,3
0.0021970272064208984,0,4
0.009264945983886719,0,5
0.010869026184082031,0,6
0.025496959686279297,0,6
0.026705026626586914,0,6
0.026730060577392578,0,6
0.027534008026123047,0,6
11.689544916152954,1,1
11.690558910369873,0,2
11.690584897994995,0,2
11.7114999294281,1,1
11.712471008300781,0,2
11.713645935058594,0,2
19.93241310119629,1,1
19.932435035705566,0,2
19.933912992477417,0,2
19.933939933776855,0,2
19.954437017440796,1,1
19.95537304878235,0,2
19.955405950546265,0,2
