Time,Dst,Type
0.0,0,3
0.0018820762634277344,0,4
0.00970005989074707,0,5
0.012717008590698242,0,6
0.019345998764038086,0,6
0.02085399627685547,0,6
0.020931005477905273,0,6
9.890990972518921,0,2
9.89201307296753,0,2
9.909966945648193,1,1
9.90998911857605,0,2
9.910932064056396,0,2
9.912315130233765,0,2
