Time,Dst,Type
0.0,0,3
0.001886129379272461,0,3
0.00586700439453125,0,4
0.012396097183227539,0,5
0.026875972747802734,0,6
0.030163049697875977,0,6
0.03023695945739746,0,6
0.032122135162353516,0,6
0.03589510917663574,0,6
11.816837072372437,1,1
11.816846132278442,0,2
11.818437099456787,0,2
11.839720964431763,0,2
11.839742183685303,0,2
11.840842008590698,0,2
