Time,Dst,Type
0.0,0,3
2.8848648071289062e-05,0,3
0.0021429061889648438,0,4
0.002168893814086914,0,4
0.00327301025390625,0,4
0.01015782356262207,0,5
0.016093015670776367,0,6
0.05522584915161133,0,6
0.05704784393310547,0,6
0.058354854583740234,0,6
11.705802917480469,0,2
11.707072019577026,0,2
11.727621793746948,1,1
11.729652881622314,0,2
