Time,Dst,Type
0.0,0,3
2.5987625122070312e-05,0,3
0.0018961429595947266,0,4
0.022325992584228516,0,6
0.027781009674072266,0,6
0.030466079711914062,0,6
9.865035057067871,0,2
9.865056037902832,0,2
9.866253137588501,0,2
9.887206077575684,0,2
