Time,Dst,Type
0.0,0,3
8.106231689453125e-06,0,3
0.002805948257446289,0,4
0.013434171676635742,0,5
0.024741172790527344,0,6
0.027083158493041992,0,6
0.03007197380065918,0,6
0.031130075454711914,0,6
0.031141996383666992,0,6
11.622918128967285,1,1
11.622945070266724,0,2
11.624449014663696,0,2
11.62448501586914,0,2
11.644822120666504,1,1
11.64485216140747,0,2
11.645672082901001,0,2
11.646955013275146,0,2
