Time,Dst,Type
0.0,0,3
1.9073486328125e-05,0,3
0.0030641555786132812,0,4
0.010645151138305664,0,5
0.01997995376586914,0,6
0.025364160537719727,0,6
0.031203031539916992,0,6
0.036705970764160156,0,6
11.770056962966919,1,1
11.770087003707886,0,2
11.770992994308472,0,2
11.772338151931763,0,2
11.794103145599365,1,1
11.794116020202637,0,2
11.7952401638031,0,2
19.937018156051636,1,1
19.938040018081665,0,2
19.939370155334473,0,2
19.958819150924683,1,1
19.959700107574463,0,2
19.959722995758057,0,2
