Time,Dst,Type
0.0,0,3
8.821487426757812e-06,0,3
0.0019428730010986328,0,4
0.015337944030761719,0,6
0.0184938907623291,0,6
0.020236968994140625,0,6
0.021551847457885742,0,6
9.928792953491211,1,1
9.928809881210327,0,2
9.92979383468628,0,2
9.930621862411499,0,2
9.950753927230835,1,1
9.951963901519775,0,2
9.952953815460205,0,2
