Time,Dst,Type
0.0,0,3
0.0007879734039306641,0,3
0.003107786178588867,0,4
0.0031328201293945312,0,4
0.010422945022583008,0,5
0.028628826141357422,0,6
0.03088688850402832,0,6
0.03215789794921875,0,6
0.033200979232788086,0,6
11.669359922409058,1,1
11.670652866363525,0,2
11.670679807662964,0,2
11.671592950820923,0,2
11.692482948303223,1,1
11.693755865097046,0,2
11.693797826766968,0,2
11.694777965545654,0,2
