Time,Dst,Type
0.0,0,1
2.9087066650390625e-05,0,2
0.0015990734100341797,0,2
0.0016329288482666016,0,3
0.0016410350799560547,0,2
0.004288911819458008,0,4
0.01165008544921875,0,5
0.028558969497680664,0,6
0.033174991607666016,0,6
0.03655409812927246,0,6
0.04182100296020508,0,6
0.38577890396118164,1,1
0.3857910633087158,0,2
0.38723111152648926,0,2
0.3872408866882324,0,2
1.4303650856018066,1,1
1.4362099170684814,0,2
1.4370019435882568,0,2
