Time,Dst,Type
0.0,0,1
0.0013880729675292969,0,3
0.0014081001281738281,0,2
0.0014162063598632812,0,3
0.003959178924560547,0,4
0.010457038879394531,0,5
0.025150060653686523,0,6
0.029838085174560547,0,6
0.031568050384521484,0,6
0.034545183181762695,0,6
0.37332701683044434,1,1
0.3733551502227783,0,2
0.37421202659606934,0,2
0.3742489814758301,0,2
1.3561131954193115,1,1
1.3572189807891846,0,2
1.357248067855835,0,2
1.35866117477417,0,2
