Time,Dst,Type
0.0,0,1
0.001024007797241211,0,2
0.0010540485382080078,0,3
0.0010619163513183594,0,2
0.002825021743774414,0,2
0.002856016159057617,0,3
0.0028638839721679688,0,3
0.0037970542907714844,0,4
0.019016027450561523,0,6
0.031445980072021484,0,6
0.03323793411254883,0,6
0.03637099266052246,0,6
0.37338805198669434,1,1
0.3752589225769043,0,2
0.37639904022216797,0,2
0.37770795822143555,0,2
1.337217092514038,1,1
1.3372528553009033,0,2
1.3383209705352783,0,2
1.3383519649505615,0,2
