Time,Dst,Type
0.0,0,1
3.3855438232421875e-05,0,2
0.0011258125305175781,0,2
0.0011599063873291016,0,3
0.0011699199676513672,0,2
0.0011789798736572266,0,3
0.0024878978729248047,0,3
0.002518892288208008,0,3
0.010284900665283203,0,5
0.015405893325805664,0,6
0.02825784683227539,0,6
0.030642986297607422,0,6
0.033830881118774414,0,6
0.39217185974121094,1,1
0.39218688011169434,0,2
0.3933389186859131,0,2
0.39335179328918457,0,2
1.5672359466552734,1,1
1.5672528743743896,0,2
1.5681920051574707,0,2
