Time,Dst,Type
0.0,0,1
0.0012860298156738281,0,2
0.0013041496276855469,0,2
0.0013079643249511719,0,3
0.002523183822631836,0,2
0.002541065216064453,0,3
0.004436016082763672,0,4
0.011113166809082031,0,5
0.02616715431213379,0,6
0.029496192932128906,0,6
0.03120112419128418,0,6
0.03496408462524414,0,6
0.3874521255493164,1,1
0.3874831199645996,0,2
0.3885071277618408,0,2
0.39009904861450195,0,2
1.3283650875091553,1,1
1.3283960819244385,0,2
1.3297381401062012,0,2
1.3307490348815918,0,2
