Time,Dst,Type
0.0,0,1
7.867813110351562e-06,0,2
0.0013759136199951172,0,2
0.0024330615997314453,0,2
0.002441883087158203,0,3
0.002444028854370117,0,3
0.005059957504272461,0,4
0.005090951919555664,0,4
0.012024879455566406,0,5
0.021296024322509766,0,6
0.02285003662109375,0,6
0.02411484718322754,0,6
0.025348901748657227,0,6
0.027337074279785156,0,6
0.028310060501098633,0,6
0.030015945434570312,0,6
0.030025005340576172,0,6
0.031022071838378906,0,6
0.031030893325805664,0,6
