Time,Dst,Type
0.0,0,1
9.059906005859375e-06,0,1
0.0011250972747802734,0,2
0.0011341571807861328,0,2
0.0021691322326660156,0,2
0.0021791458129882812,0,3
0.0021800994873046875,0,3
0.0037810802459716797,0,4
0.01034998893737793,0,5
0.025674104690551758,0,6
0.028550148010253906,0,6
0.03051614761352539,0,6
0.0327911376953125,0,6
10.73216700553894,0,2
10.733222007751465,0,2
10.752691984176636,0,2
10.752701044082642,0,2
10.7534921169281,0,2
