Time,Dst,Type
0.0,0,1
0.0012450218200683594,0,2
0.0012538433074951172,0,2
0.0025589466094970703,0,3
0.0025680065155029297,0,2
0.002569913864135742,0,3
0.0038368701934814453,0,4
0.019696950912475586,0,6
0.01970696449279785,0,6
0.02118086814880371,0,6
0.023047924041748047,0,6
10.634069919586182,0,2
10.635483026504517,0,2
10.635491847991943,0,2
10.65586805343628,0,2
10.655876874923706,0,2
10.656620979309082,0,2
