Time,Dst,Type
0.0,0,1
0.0012731552124023438,0,2
0.0013051033020019531,0,2
0.0024662017822265625,0,2
0.002492189407348633,0,3
0.002499103546142578,0,3
0.006474018096923828,0,4
0.012391090393066406,0,5
0.02962017059326172,0,6
0.03911304473876953,0,6
0.04177498817443848,0,6
0.04443717002868652,0,6
9.645419120788574,1,1
9.645448207855225,0,2
9.646393060684204,0,2
