Time,Dst,Type
0.0,0,1
2.5033950805664062e-05,0,2
0.0012531280517578125,0,2
0.0012791156768798828,0,2
0.0036530494689941406,0,3
0.003679990768432617,0,3
0.0060689449310302734,0,4
0.011889934539794922,0,5
0.0272519588470459,0,6
0.03846001625061035,0,6
0.04014301300048828,0,6
0.0430910587310791,0,6
