Time,Dst,Type
0.0,0,1
2.8848648071289062e-05,0,2
0.0008618831634521484,0,2
0.0008928775787353516,0,2
0.0021398067474365234,0,3
0.0054779052734375,0,4
0.012092828750610352,0,5
0.018713951110839844,0,6
0.026808977127075195,0,6
0.02862381935119629,0,6
0.033139944076538086,0,6
