Time,Dst,Type
0.0,0,1
1.6927719116210938e-05,0,2
0.0011878013610839844,0,2
0.0012028217315673828,0,2
0.005712985992431641,0,3
0.0074579715728759766,0,4
0.014438867568969727,0,5
0.023775815963745117,0,6
0.04037189483642578,0,6
0.04206490516662598,0,6
0.04725480079650879,0,6
11.006742000579834,1,1
11.00839900970459,0,2
