Time,Dst,Type
0.0,0,1
1.9073486328125e-05,0,2
0.0010440349578857422,0,2
0.0022399425506591797,0,2
0.00548100471496582,0,3
0.005500078201293945,0,3
0.008505105972290039,0,4
0.014914989471435547,0,5
0.041706085205078125,0,6
0.041738033294677734,0,6
0.04866504669189453,0,6
0.05329012870788574,0,6
11.123605966567993,1,1
11.12455415725708,0,2
11.124588012695312,0,2
11.126039028167725,0,2
