Time,Dst,Type
0.0,0,1
0.0009620189666748047,0,2
0.0020661354064941406,0,2
0.0020961761474609375,0,2
0.0046880245208740234,0,3
0.004716157913208008,0,3
0.0072231292724609375,0,4
0.013470172882080078,0,5
0.026185035705566406,0,6
0.026217222213745117,0,6
0.027401208877563477,0,6
0.04474806785583496,0,6
0.04614615440368652,0,6
0.049143075942993164,0,6
11.134507179260254,1,1
11.134545087814331,0,2
11.135963201522827,0,2
11.135992050170898,0,2
