Time,Dst,Type
0.0,0,6
0.025996923446655273,0,6
0.02813887596130371,0,6
0.03046894073486328,0,6
11.140363931655884,1,1
11.140389919281006,0,2
11.14178991317749,0,2
11.14261794090271,0,2
21.096296072006226,1,1
21.097566843032837,0,2
21.09859800338745,0,2
