Time,Dst,Type
0.0,0,1
1.9073486328125e-05,0,2
0.001499176025390625,0,2
0.0015311241149902344,0,2
0.005280017852783203,0,3
0.005311012268066406,0,3
0.007683992385864258,0,4
0.013998031616210938,0,5
0.01402902603149414,0,5
0.026448965072631836,0,6
0.04569602012634277,0,6
0.0478060245513916,0,6
0.05052495002746582,0,6
0.05383896827697754,0,6
10.257505178451538,1,1
10.258512020111084,0,2
10.259773015975952,0,2
10.262092113494873,0,2
