Time,Dst,Type
0.0,0,3
0.0012311935424804688,0,3
0.011497020721435547,0,4
0.017866134643554688,0,5
0.032586097717285156,0,6
0.03477811813354492,0,6
0.03730201721191406,0,6
0.04026198387145996,0,6
0.041236162185668945,0,6
10.406431198120117,1,1
10.40922999382019,0,2
10.432423114776611,1,1
10.4324471950531,0,2
10.433708190917969,0,2
10.434645175933838,0,2
