Time,Dst,Type
0.0,0,3
0.0183870792388916,0,4
0.025480031967163086,0,5
0.039742231369018555,0,6
0.044387102127075195,0,6
0.0457150936126709,0,6
0.04705405235290527,0,6
10.456977128982544,1,1
10.458836078643799,0,2
10.458869218826294,0,2
10.459617137908936,0,2
10.483021020889282,1,1
10.483059167861938,0,2
10.484285116195679,0,2
10.484318017959595,0,2
