Time,Dst,Type
0.0,0,3
1.5020370483398438e-05,0,3
0.012433052062988281,0,4
0.018913984298706055,0,5
0.03509807586669922,0,6
0.0372309684753418,0,6
0.03829598426818848,0,6
10.405697107315063,1,1
10.405725955963135,0,2
10.407503128051758,0,2
10.407531023025513,0,2
10.427566051483154,1,1
10.42882513999939,0,2
10.430362939834595,0,2
