Time,Dst,Type
0.0,0,3
2.193450927734375e-05,0,3
0.025805950164794922,0,4
0.03339195251464844,0,5
0.06389689445495605,0,6
10.319216966629028,1,1
10.321959972381592,0,2
10.321990013122559,0,2
10.341100931167603,1,1
10.342010021209717,0,2
10.342046976089478,0,2
10.34340500831604,0,2
