Time,Dst,Type
0.0,0,3
0.017857074737548828,0,4
0.025120019912719727,0,5
0.02514505386352539,0,5
0.02685093879699707,0,5
0.02808213233947754,0,5
0.03202509880065918,0,6
0.04197192192077637,0,6
0.04454207420349121,0,6
0.049569129943847656,0,6
10.448653936386108,0,2
10.449971914291382,0,2
10.475919008255005,0,2
