Time,Dst,Type
0.0,0,3
0.01824498176574707,0,4
0.03519701957702637,0,6
0.04169607162475586,0,6
0.0444340705871582,0,6
0.04725790023803711,0,6
10.436484098434448,1,1
10.436522960662842,0,2
10.43747591972351,0,2
10.437510013580322,0,2
10.461334943771362,1,1
10.462644100189209,0,2
10.463779926300049,0,2
