Time,Dst,Type
0.0,0,3
1.0967254638671875e-05,0,3
0.017911911010742188,0,4
0.0348820686340332,0,6
0.03747701644897461,0,6
0.040747880935668945,0,6
10.51289701461792,1,1
10.514344930648804,0,2
10.515395879745483,0,2
10.538747072219849,1,1
10.538754940032959,0,2
10.540555000305176,0,2
10.54138708114624,0,2
