Time,Dst,Type
0.0,0,3
4.0531158447265625e-06,0,3
0.02033400535583496,0,4
0.03667807579040527,0,6
0.047860145568847656,0,6
0.05202913284301758,0,6
10.43458104133606,1,1
10.43461298942566,0,2
10.437064170837402,0,2
10.459673166275024,1,1
10.459707021713257,0,2
10.460386991500854,0,2
