Time,Dst,Type
0.0,0,1
2.5987625122070312e-05,0,2
0.0010900497436523438,0,2
0.001116037368774414,0,2
0.005613088607788086,0,3
0.0056400299072265625,0,3
0.00785207748413086,0,4
0.014383077621459961,0,5
0.01818394660949707,0,6
0.0420529842376709,0,6
0.04454398155212402,0,6
0.04894900321960449,0,6
9.546737909317017,1,1
9.546767950057983,0,2
9.54767394065857,0,2
19.54662799835205,1,1
19.5466570854187,0,2
19.54745388031006,0,2
19.54747200012207,0,2
