Time,Dst,Type
0.0,0,1
2.47955322265625e-05,0,2
0.0011019706726074219,0,2
0.0011279582977294922,0,3
0.0011339187622070312,0,3
0.0011398792266845703,0,3
0.0043888092041015625,0,4
0.011126995086669922,0,5
0.02361893653869629,0,6
0.03109884262084961,0,6
0.03344297409057617,0,6
0.03693389892578125,0,6
9.64133596420288,1,1
9.641366958618164,0,2
9.642627954483032,0,2
