Time,Dst,Type
0.0,0,1
2.8133392333984375e-05,0,2
0.001062154769897461,0,2
0.0029151439666748047,0,3
0.014811038970947266,0,3
0.017013072967529297,0,4
0.17450404167175293,0,6
0.1941699981689453,0,6
0.19612908363342285,0,6
11.250411033630371,1,1
11.320994138717651,1,1
11.321012020111084,1,1
11.321013927459717,0,2
11.321484088897705,1,1
11.321489095687866,0,2
11.340399026870728,1,1
11.341835975646973,1,1
11.341846942901611,0,2
11.34301495552063,0,2
