Time,Dst,Type
0.0,0,1
1.0013580322265625e-05,0,2
0.001096963882446289,0,2
0.005349874496459961,0,3
0.01712489128112793,0,3
0.02053999900817871,0,4
0.055387020111083984,0,5
0.17351984977722168,0,6
0.17786192893981934,0,6
0.19765090942382812,0,6
0.20017290115356445,0,6
11.170711040496826,0,2
11.254509925842285,1,1
11.254518032073975,1,1
11.254519939422607,0,2
11.27475094795227,1,1
11.274775981903076,1,1
11.274776935577393,0,2
