Time,Dst,Type
0.0,0,1
9.059906005859375e-06,0,2
0.0015850067138671875,0,2
0.0016019344329833984,0,3
0.001605987548828125,0,2
0.0028350353240966797,0,3
0.005548954010009766,0,4
0.01168203353881836,0,5
0.02894306182861328,0,6
0.04481005668640137,0,6
0.048818111419677734,0,6
0.05059099197387695,0,6
10.737869024276733,1,1
10.73788595199585,0,2
10.738890886306763,0,2
10.739979982376099,0,2
