Time,Dst,Type
0.0,0,1
3.0994415283203125e-05,0,2
0.0013320446014404297,0,2
0.001363992691040039,0,2
0.005094051361083984,0,3
0.005120038986206055,0,3
0.007980108261108398,0,4
0.01530313491821289,0,5
0.03130316734313965,0,6
0.06529402732849121,0,6
0.07107806205749512,0,6
10.729171991348267,0,2
10.729187965393066,0,2
10.729846000671387,0,2
20.75299096107483,1,1
20.753021955490112,0,2
20.754557132720947,0,2
20.7781879901886,1,1
20.778218984603882,0,2
20.77822709083557,0,2
20.779088973999023,0,2
