Time,Dst,Type
0.0,0,1
2.2172927856445312e-05,0,2
0.0011010169982910156,0,2
0.0011219978332519531,0,3
0.001129150390625,0,2
0.0025420188903808594,0,3
0.00507807731628418,0,4
0.011638164520263672,0,5
0.02625417709350586,0,6
0.04847097396850586,0,6
0.05501294136047363,0,6
10.627547025680542,1,1
10.627578020095825,0,2
10.628551006317139,0,2
10.62856912612915,0,2
10.646409034729004,1,1
10.646445989608765,0,2
10.64769196510315,0,2
