Time,Dst,Type
0.0,0,2
0.0049440860748291016,0,3
0.004972934722900391,0,3
0.007622957229614258,0,4
0.014801025390625,0,5
0.03292202949523926,0,6
0.05645489692687988,0,6
0.05929398536682129,0,6
0.06565093994140625,0,6
10.757241010665894,1,1
10.763674020767212,0,2
10.764755010604858,0,2
10.767078876495361,0,2
