Time,Dst,Type
0.0,0,1
3.1948089599609375e-05,0,2
0.0011861324310302734,0,2
0.0012180805206298828,0,2
0.005780935287475586,0,3
0.005824089050292969,0,3
0.0058290958404541016,0,3
0.006986141204833984,0,3
0.010540008544921875,0,4
0.010571002960205078,0,4
0.03344392776489258,0,6
0.05628204345703125,0,6
0.05838894844055176,0,6
0.06401610374450684,0,6
10.717530965805054,1,1
10.717581033706665,0,2
10.718412160873413,0,2
10.719560146331787,0,2
