Time,Dst,Type
0.0,0,1
0.001013040542602539,0,2
0.0010421276092529297,0,3
0.002084016799926758,0,2
0.002092123031616211,0,3
0.0020990371704101562,0,3
0.0051419734954833984,0,4
0.012682914733886719,0,5
0.020448923110961914,0,6
0.05338692665100098,0,6
0.0635371208190918,0,6
0.06779599189758301,0,6
0.08127307891845703,0,6
10.734563112258911,1,1
10.734591007232666,0,2
10.73558497428894,0,2
10.736670017242432,0,2
