Time,Dst,Type
0.0,1,1
3.123283386230469e-05,0,2
0.000881195068359375,0,2
0.025567054748535156,0,3
0.025594234466552734,0,3
0.026861190795898438,0,4
0.033222198486328125,0,5
0.051641225814819336,0,6
0.05338120460510254,0,6
0.055140018463134766,0,6
0.05656909942626953,0,6
