Time,Dst,Type
0.0,1,1
3.0994415283203125e-05,0,2
0.02237391471862793,0,3
0.022398948669433594,0,3
0.023914098739624023,0,4
0.031011104583740234,0,5
0.03547501564025879,0,6
0.036926984786987305,0,6
0.038535118103027344,0,6
0.038594961166381836,0,6
