Time,Dst,Type
0.0,1,1
0.04395699501037598,0,3
0.04397082328796387,0,3
0.04589700698852539,0,4
0.051712989807128906,0,5
0.05949091911315918,0,6
0.06115293502807617,0,6
0.06228303909301758,0,6
0.06735396385192871,0,6
