Time,Dst,Type
0.0,1,1
0.0007100105285644531,0,2
0.0018150806427001953,0,2
0.022775888442993164,0,3
0.02279210090637207,0,3
0.022799015045166016,0,3
0.023932933807373047,0,4
0.031236886978149414,0,5
0.04641294479370117,0,6
0.04858708381652832,0,6
0.049820899963378906,0,6
0.05504798889160156,0,6
