Time,Dst,Type
0.0,0,1
1.9788742065429688e-05,0,3
0.0012149810791015625,0,2
0.001241922378540039,0,2
0.0027649402618408203,0,2
0.0027968883514404297,0,3
0.003683805465698242,0,4
0.010679006576538086,0,5
0.016897916793823242,0,6
0.031138896942138672,0,6
0.035658836364746094,0,6
0.37407994270324707,1,1
0.3794529438018799,0,2
1.300898790359497,1,1
1.3009109497070312,0,2
1.3021769523620605,0,2
1.303238868713379,0,2
