Time,Dst,Type
0.0,0,1
1.71661376953125e-05,0,2
0.0009472370147705078,0,3
0.0009620189666748047,0,2
0.002003192901611328,0,2
0.0020291805267333984,0,3
0.0040302276611328125,0,4
0.010567188262939453,0,5
0.02443218231201172,0,6
0.03150606155395508,0,6
0.034060001373291016,0,6
0.35178518295288086,1,1
1.3729050159454346,1,1
1.372925043106079,0,2
1.3742830753326416,0,2
1.3753480911254883,0,2
