Time,Dst,Type
0.0,0,1
2.6941299438476562e-05,0,2
0.0021088123321533203,0,2
0.0021347999572753906,0,3
0.0021419525146484375,0,2
0.002148866653442383,0,3
0.004586935043334961,0,4
0.011026859283447266,0,5
0.019912004470825195,0,6
0.029948949813842773,0,6
0.031880855560302734,0,6
0.03490495681762695,0,6
0.3432738780975342,1,1
0.343303918838501,0,2
0.3442568778991699,0,2
0.3442809581756592,0,2
1.3448050022125244,1,1
1.3448169231414795,0,2
1.346064805984497,0,2
1.3471758365631104,0,2
