Time,Dst,Type
0.0,0,1
0.0016241073608398438,0,2
0.0016651153564453125,0,2
0.07765817642211914,0,3
0.0785520076751709,0,3
0.08176612854003906,0,4
0.08857202529907227,0,5
0.10750722885131836,0,6
0.10990405082702637,0,6
2.6709160804748535,0,4
8.156259059906006,1,1
8.157560110092163,0,2
8.157594203948975,0,2
8.158837080001831,0,2
12.38011622428894,0,2
12.381441116333008,0,2
12.38286304473877,0,2
