Time,Dst,Type
0.0,0,1
0.0013899803161621094,0,2
0.0013959407806396484,0,2
0.003125905990600586,0,2
0.07599592208862305,0,3
0.10429501533508301,0,6
0.10929608345031738,0,6
0.10932493209838867,0,6
0.11181998252868652,0,6
1.3949599266052246,1,1
1.3949968814849854,0,2
1.396251916885376,0,2
1.3971600532531738,0,2
9.431957960128784,1,1
9.449418067932129,0,2
12.603368997573853,1,1
