Time,Dst,Type
0.0,0,1
0.08106780052185059,0,3
0.09554386138916016,0,2
0.09677696228027344,0,2
0.09679985046386719,0,3
0.0980370044708252,0,3
0.2145400047302246,0,6
0.22220396995544434,0,6
13.453258991241455,1,1
13.45327091217041,0,2
13.453272819519043,0,2
