Time,Dst,Type
0.0,0,1
0.0010399818420410156,0,2
0.07436299324035645,0,3
0.07438087463378906,0,3
0.07785391807556152,0,4
0.08364582061767578,0,5
0.09706878662109375,0,6
0.0994110107421875,0,6
0.10388779640197754,0,6
9.465385913848877,1,1
9.465409994125366,0,2
9.46658182144165,0,2
9.46751594543457,0,2
12.985898971557617,0,2
12.985930919647217,0,2
12.986889839172363,0,2
12.998780965805054,1,1
12.998807907104492,0,2
