Time,Dst,Type
0.0,0,1
0.0015408992767333984,0,2
0.001569986343383789,0,2
0.002485990524291992,0,2
0.07423186302185059,0,3
0.08562088012695312,0,5
0.09941697120666504,0,6
0.10219693183898926,0,6
0.10343003273010254,0,6
0.10636401176452637,0,6
9.688326835632324,0,2
9.688339948654175,0,2
9.68979001045227,0,2
12.75812292098999,1,1
12.758157014846802,0,2
12.759238004684448,0,2
