Time,Dst,Type
0.0,0,1
0.014134883880615234,0,1
0.0960988998413086,0,3
0.11128091812133789,0,2
0.1146700382232666,0,2
0.11806488037109375,0,3
0.13232707977294922,0,4
0.18672490119934082,0,5
1.9102849960327148,0,6
1.9286119937896729,0,6
1.932525873184204,0,6
9.377538919448853,1,1
9.38172197341919,0,2
9.382744073867798,0,2
13.365406036376953,1,1
13.365424871444702,0,2
13.366756916046143,0,2
13.366780042648315,0,2
18.074235916137695,0,4
