Time,Dst,Type
0.0,0,1
0.0008490085601806641,0,2
0.0008800029754638672,0,2
0.0022051334381103516,0,2
0.07422709465026855,0,3
0.07816505432128906,0,4
0.08480596542358398,0,5
0.0972280502319336,0,6
0.10111093521118164,0,6
0.10309195518493652,0,6
9.602710008621216,1,1
9.604049921035767,0,2
13.282626152038574,0,2
13.283972024917603,0,2
13.283992052078247,0,2
13.296682119369507,1,1
13.298185110092163,0,2
13.29883098602295,0,2
