Time,Dst,Type
0.0,0,1
2.4080276489257812e-05,0,2
0.0012431144714355469,0,2
0.0012860298156738281,0,2
0.07673811912536621,0,3
0.07676911354064941,0,3
0.08050107955932617,0,4
0.08684611320495605,0,5
0.09368205070495605,0,6
0.09724807739257812,0,6
0.10137510299682617,0,6
9.377211093902588,1,1
9.378225088119507,0,2
9.379204034805298,0,2
12.167205095291138,1,1
12.167237997055054,0,2
12.168383121490479,0,2
12.168415069580078,0,2
12.18043303489685,1,1
12.18164610862732,0,2
