Time,Dst,Type
0.0,0,3
2.6941299438476562e-05,0,3
0.01684284210205078,0,6
0.02498793601989746,0,6
0.03001689910888672,0,6
12.407693862915039,1,1
12.409028053283691,0,2
12.40994906425476,0,2
12.42255687713623,0,2
12.42258906364441,0,2
12.423590898513794,0,2
