Time,Dst,Type
0.0,0,1
2.9087066650390625e-05,0,2
0.07521200180053711,0,3
0.07523798942565918,0,3
0.07901906967163086,0,4
0.08573603630065918,0,5
0.10415005683898926,0,6
0.10501694679260254,0,6
0.11297011375427246,0,6
0.1130380630493164,0,6
9.554219961166382,1,1
9.566636085510254,1,1
9.567928075790405,0,2
9.567960023880005,0,2
9.568910121917725,0,2
12.489426136016846,1,1
12.490880966186523,0,2
12.490915060043335,0,2
