Time,Dst,Type
0.0,0,1
1.5974044799804688e-05,0,2
0.001216888427734375,0,2
0.0012428760528564453,0,2
0.07557106018066406,0,3
0.07950186729431152,0,4
0.08574199676513672,0,5
0.10075688362121582,0,6
0.10079002380371094,0,6
0.10299897193908691,0,6
0.10811400413513184,0,6
9.618383884429932,1,1
13.530994892120361,1,1
13.532238006591797,0,2
13.533263921737671,0,2
13.545631885528564,1,1
13.545665979385376,0,2
13.54650592803955,0,2
13.54653787612915,0,2
19.635204076766968,1,1
19.637877941131592,0,2
