Time,Dst,Type
0.0,0,1
2.2172927856445312e-05,0,1
0.0010859966278076172,0,2
0.001110076904296875,0,2
0.002424001693725586,0,2
0.00465703010559082,0,3
0.004682064056396484,0,3
0.008285045623779297,0,4
0.014873027801513672,0,5
0.03270101547241211,0,6
0.03853797912597656,0,6
0.04008817672729492,0,6
0.04473996162414551,0,6
9.699414014816284,1,1
9.699442148208618,0,2
9.700215101242065,0,2
9.700232028961182,0,2
19.600506067276,1,1
19.600540161132812,0,2
19.60165810585022,0,2
19.602699041366577,0,2
