Time,Dst,Type
0.0,0,1
1.0013580322265625e-05,0,2
0.001374959945678711,0,2
0.006808042526245117,0,3
0.007966995239257812,0,3
0.010035037994384766,0,4
0.017744064331054688,0,5
0.02897191047668457,0,6
0.040962934494018555,0,6
0.043740034103393555,0,6
0.0809929370880127,0,6
10.683321952819824,0,2
10.684148073196411,0,2
10.684174060821533,0,2
10.70178508758545,0,2
10.702898979187012,0,2
10.704003095626831,0,2
