Time,Dst,Type
0.0,0,1
9.059906005859375e-06,0,2
0.001171112060546875,0,2
0.0011889934539794922,0,2
0.0019741058349609375,0,3
0.001981973648071289,0,3
0.005196094512939453,0,4
0.012274980545043945,0,5
0.023706912994384766,0,6
0.04104304313659668,0,6
0.05486011505126953,0,6
10.731651067733765,0,2
10.731659889221191,0,2
10.732707977294922,0,2
10.743726968765259,0,2
10.743732929229736,0,2
10.74512791633606,0,2
