Time,Dst,Type
0.0,0,1
0.0018608570098876953,0,2
0.0018630027770996094,0,2
0.00892186164855957,0,3
0.00892782211303711,0,3
0.012610912322998047,0,4
0.01807403564453125,0,5
0.0219268798828125,0,6
0.05141782760620117,0,6
0.05252194404602051,0,6
0.08283400535583496,0,6
10.66956090927124,0,2
10.670528888702393,0,2
10.670538902282715,0,2
10.689713954925537,0,2
10.690727949142456,0,2
10.69174599647522,0,2
