Time,Dst,Type
0.0,0,1
9.059906005859375e-06,0,2
0.0009961128234863281,0,2
0.0010051727294921875,0,2
0.00929117202758789,0,3
0.009300947189331055,0,3
0.012397050857543945,0,4
0.018995046615600586,0,5
0.025032997131347656,0,6
0.026025056838989258,0,6
0.04612112045288086,0,6
0.047605037689208984,0,6
0.07685708999633789,0,6
10.72973108291626,0,2
10.74596905708313,0,2
10.747157096862793,0,2
10.747168064117432,0,2
