Time,Dst,Type
0.0,0,2
0.0009360313415527344,0,2
0.000946044921875,0,2
0.007907867431640625,0,3
0.007916927337646484,0,3
0.010687828063964844,0,4
0.015617847442626953,0,5
0.033627986907958984,0,6
0.04400801658630371,0,6
0.07291889190673828,0,6
10.6718590259552,0,2
10.671867847442627,0,2
10.690207958221436,0,2
10.69023084640503,0,2
10.691915035247803,0,2
