Time,Dst,Type
0.0,0,1
9.059906005859375e-06,0,2
0.0012369155883789062,0,2
0.0012469291687011719,0,2
0.008112907409667969,0,3
0.008121013641357422,0,3
0.011801958084106445,0,4
0.01825094223022461,0,5
0.10123896598815918,0,6
0.10227584838867188,0,6
0.10571599006652832,0,6
10.681334972381592,0,2
10.682621955871582,0,2
10.70130705833435,0,2
10.701315879821777,0,2
10.702512979507446,0,2
