Time,Dst,Type
0.0,0,1
8.821487426757812e-06,0,2
0.001094818115234375,0,2
0.0011048316955566406,0,2
0.009181976318359375,0,3
0.012859821319580078,0,4
0.03515887260437012,0,6
0.047348976135253906,0,6
0.04838681221008301,0,6
0.08026790618896484,0,6
10.811024904251099,0,2
10.81210994720459,0,2
10.829967975616455,0,2
10.831106901168823,0,2
20.74965000152588,0,2
20.749696969985962,0,2
20.750476837158203,0,2
20.769152879714966,0,2
20.770663022994995,0,2
20.770667791366577,0,2
