Time,Dst,Type
0.0,0,1
0.0012710094451904297,0,2
0.0012998580932617188,0,2
0.0021588802337646484,0,2
0.003573894500732422,0,3
0.004483938217163086,0,3
0.006865024566650391,0,4
0.013337850570678711,0,5
0.01874399185180664,0,6
0.050462961196899414,0,6
0.05335402488708496,0,6
0.059014081954956055,0,6
12.147464990615845,1,1
12.147495985031128,0,2
12.14847207069397,0,2
12.148488998413086,0,2
22.172343969345093,1,1
22.17234992980957,0,2
22.174828052520752,0,2
22.174843072891235,0,2
