Time,Dst,Type
0.0,0,1
2.4080276489257812e-05,0,2
0.0008089542388916016,0,2
0.0008380413055419922,0,2
0.004837989807128906,0,3
0.004865884780883789,0,3
0.00786590576171875,0,4
0.014379024505615234,0,5
0.021908998489379883,0,6
0.06679105758666992,0,6
0.06812596321105957,0,6
0.07264399528503418,0,6
12.131450891494751,1,1
12.131480932235718,0,2
12.132329940795898,0,2
12.133745908737183,0,2
32.261996030807495,1,1
32.26202607154846,0,2
32.263267993927,0,2
32.263285875320435,0,2
