Time,Dst,Type
0.0,0,1
8.106231689453125e-06,0,2
0.001226186752319336,0,2
0.0012350082397460938,0,2
0.004515171051025391,0,3
0.004518985748291016,0,3
0.00899815559387207,0,4
0.015102148056030273,0,5
0.030793190002441406,0,6
0.060853004455566406,0,6
0.06259703636169434,0,6
0.07251906394958496,0,6
