Time,Dst,Type
0.0,0,1
1.0013580322265625e-05,0,2
1.0967254638671875e-05,0,2
0.0010700225830078125,0,2
0.0038309097290039062,0,3
0.003840923309326172,0,3
0.006782054901123047,0,4
0.013315916061401367,0,5
0.026751041412353516,0,6
0.05124688148498535,0,6
0.055268049240112305,0,6
0.05715489387512207,0,6
0.06073307991027832,0,6
