Time,Dst,Type
0.0,0,1
2.6941299438476562e-05,0,2
0.001260995864868164,0,2
0.0012879371643066406,0,2
0.006058931350708008,0,3
0.006085872650146484,0,3
0.008862972259521484,0,4
0.015017986297607422,0,5
0.029492855072021484,0,6
0.05574798583984375,0,6
0.05994081497192383,0,6
0.061514854431152344,0,6
0.06801700592041016,0,6
12.282030820846558,1,1
12.282041788101196,0,2
12.283207893371582,0,2
12.284294843673706,0,2
22.13881278038025,1,1
22.138842821121216,0,2
22.13988184928894,0,2
