Time,Dst,Type
0.0,0,1
3.409385681152344e-05,0,2
0.0008840560913085938,0,2
0.0009329319000244141,0,2
0.0009438991546630859,0,3
0.0009529590606689453,0,3
0.002949953079223633,0,4
0.010410070419311523,0,5
0.017925024032592773,0,6
0.03051590919494629,0,6
0.03145098686218262,0,6
0.035169124603271484,0,6
0.3423299789428711,1,1
0.34236907958984375,0,2
0.34345412254333496,0,2
0.3434889316558838,0,2
1.3005189895629883,1,1
1.3005530834197998,0,2
1.3015639781951904,0,2
1.3032329082489014,0,2
