Time,Dst,Type
0.0,0,1
3.0040740966796875e-05,0,2
0.0010139942169189453,0,2
0.0010409355163574219,0,3
0.001049041748046875,0,2
0.0010571479797363281,0,3
0.004495143890380859,0,4
0.010322093963623047,0,5
0.01561594009399414,0,6
0.034670114517211914,0,6
0.03719210624694824,0,6
0.04366111755371094,0,6
0.3923461437225342,1,1
0.39235806465148926,0,2
0.3946800231933594,0,2
1.7260501384735107,1,1
1.7260661125183105,0,2
1.7275071144104004,0,2
1.7275209426879883,0,2
