Time,Dst,Type
0.0,0,4
0.007302045822143555,0,5
0.02038407325744629,0,6
0.03204703330993652,0,6
0.03294205665588379,0,6
0.03617691993713379,0,6
0.4083230495452881,1,1
0.40834593772888184,0,2
0.40958595275878906,0,2
0.40960693359375,0,2
1.7286570072174072,1,1
1.728687047958374,0,2
1.7301220893859863,0,2
1.7301499843597412,0,2
