Time,Dst,Type
0.0,0,2
3.0040740966796875e-05,0,2
4.100799560546875e-05,0,2
0.07529711723327637,0,3
0.07838010787963867,0,4
0.08666706085205078,0,5
0.1036520004272461,0,6
0.10564208030700684,0,6
0.1066579818725586,0,6
0.11077404022216797,0,6
7.936073064804077,0,2
7.937453985214233,0,2
7.938620090484619,0,2
10.528167009353638,1,1
10.543114185333252,1,1
