Time,Dst,Type
0.0,0,1
2.7894973754882812e-05,0,2
0.0012180805206298828,0,2
0.0012340545654296875,0,2
0.07887101173400879,0,4
0.09233498573303223,0,6
0.0968630313873291,0,6
9.535733938217163,1,1
9.536832094192505,0,2
9.536869049072266,0,2
9.537875890731812,0,2
12.320168018341064,1,1
12.321353912353516,0,2
12.32138705253601,0,2
