Time,Dst,Type
0.0,0,2
0.07128000259399414,0,3
0.08124089241027832,0,5
0.08392500877380371,0,6
0.0871279239654541,0,6
0.08785200119018555,0,6
0.0879209041595459,0,6
0.0879659652709961,0,6
0.08975386619567871,0,6
0.09384393692016602,0,6
0.0938730239868164,0,6
9.366567850112915,1,1
9.38147497177124,0,2
9.381487846374512,0,2
9.382750988006592,0,2
