Time,Dst,Type
0.0,0,2
0.0015249252319335938,0,2
0.002974987030029297,0,3
0.01471090316772461,0,3
0.0164639949798584,0,4
0.05178499221801758,0,5
0.17163896560668945,0,6
0.17730188369750977,0,6
0.19643187522888184,0,6
0.19875884056091309,0,6
11.260958909988403,0,2
11.279528856277466,0,2
11.348958969116211,1,1
11.34896993637085,1,1
11.34896993637085,0,2
11.350121974945068,1,1
11.35013198852539,0,2
11.369143962860107,1,1
11.36916184425354,1,1
11.369164943695068,0,2
