Time,Dst,Type
0.0,0,1
9.059906005859375e-06,0,2
0.0012500286102294922,0,2
0.0012600421905517578,0,3
0.013621091842651367,0,3
0.016129016876220703,0,4
0.05108308792114258,0,5
0.17017698287963867,0,6
0.17586016654968262,0,6
0.1950221061706543,0,6
0.198958158493042,0,6
11.474116086959839,1,1
11.49339509010315,1,1
11.593319177627563,1,1
11.593330144882202,1,1
11.593331098556519,0,2
11.594423055648804,1,1
11.613898038864136,1,1
11.614931106567383,1,1
11.614942073822021,0,2
11.614943981170654,1,1
