Time,Dst,Type
0.0,0,2
0.001093149185180664,0,2
0.0011260509490966797,0,2
0.003152132034301758,0,3
0.0031931400299072266,0,3
0.005391120910644531,0,4
0.012966156005859375,0,5
0.07637405395507812,0,6
0.1289050579071045,0,6
0.13526511192321777,0,6
10.983692169189453,1,1
10.986273050308228,0,2
10.987523078918457,0,2
10.987549066543579,0,2
11.004950046539307,0,2
21.0745050907135,1,1
21.074520111083984,0,2
21.09338402748108,1,1
21.09341311454773,0,2
21.09470295906067,0,2
