Time,Dst,Type
0.0,0,2
0.0022881031036376953,0,3
0.005654096603393555,0,4
0.012187004089355469,0,5
0.021471023559570312,0,6
0.059040069580078125,0,6
0.05991005897521973,0,6
1.9632930755615234,1,1
11.07415509223938,1,1
11.075588941574097,0,2
11.075625896453857,0,2
11.076819896697998,0,2
21.012988090515137,1,1
21.013020038604736,0,2
21.0144100189209,0,2
