Time,Dst,Type
0.0,0,3
7.867813110351562e-06,0,3
0.0054929256439208984,0,4
0.030089855194091797,0,6
0.033180952072143555,0,6
0.03566384315490723,0,6
0.03623199462890625,0,6
9.970845937728882,1,1
9.972332000732422,0,2
9.972354888916016,0,2
9.973702907562256,0,2
9.994841814041138,1,1
9.996013879776001,0,2
9.996042966842651,0,2
9.997214794158936,0,2
21.100761890411377,1,1
21.103081941604614,0,2
21.104146003723145,0,2
21.12653684616089,0,2
