Time,Dst,Type
0.0,0,3
0.0010721683502197266,0,3
0.006695985794067383,0,4
0.013664007186889648,0,5
0.017698049545288086,0,6
0.024847984313964844,0,6
0.026478052139282227,0,6
11.0085129737854,1,1
11.008535146713257,0,2
11.009854078292847,0,2
11.010976076126099,0,2
11.032726049423218,1,1
19.80296301841736,1,1
19.805341958999634,0,2
19.805355072021484,0,2
19.82530903816223,1,1
19.826483011245728,0,2
19.826500177383423,0,2
19.82784914970398,0,2
