Time,Dst,Type
0.0,0,3
6.9141387939453125e-06,0,3
0.01120901107788086,0,4
0.019900083541870117,0,5
0.03340005874633789,0,6
0.04043292999267578,0,6
9.888811111450195,1,1
9.88882303237915,0,2
9.890566110610962,0,2
9.890583992004395,0,2
9.913051128387451,1,1
9.913082122802734,0,2
9.91398310661316,0,2
9.915175914764404,0,2
19.891452074050903,1,1
19.89148211479187,0,2
19.893013954162598,0,2
19.893041133880615,0,2
19.9151771068573,1,1
19.91520595550537,0,2
19.9161319732666,0,2
19.917654991149902,0,2
