Time,Dst,Type
0.0,0,1
7.867813110351562e-06,0,2
0.0008418560028076172,0,2
0.0008599758148193359,0,3
0.0021507740020751953,0,3
0.004839897155761719,0,4
0.030614852905273438,0,6
0.05073976516723633,0,6
0.05277299880981445,0,6
0.0549778938293457,0,6
0.05892586708068848,0,6
6.560403823852539,1,1
6.5622758865356445,0,2
6.562305927276611,1,1
6.563665866851807,0,2
6.563703775405884,0,2
6.582560777664185,1,1
6.583583831787109,0,2
6.583621978759766,1,1
6.585974931716919,0,2
