Time,Dst,Type
0.0,0,1
2.6941299438476562e-05,0,2
0.0011630058288574219,0,2
0.002435922622680664,0,2
0.0036389827728271484,0,3
0.005568027496337891,0,4
0.014657974243164062,0,5
0.04681396484375,0,6
0.048776865005493164,0,6
0.048805952072143555,0,6
0.05284595489501953,0,6
9.315356969833374,1,1
9.317864894866943,1,1
9.317898988723755,0,2
9.317909002304077,0,2
9.32095193862915,0,2
9.338521957397461,1,1
