Time,Dst,Type
0.0,0,1
1.9073486328125e-05,0,2
0.0010750293731689453,0,2
0.001093149185180664,0,2
0.0037870407104492188,0,3
0.003812074661254883,0,3
0.005534172058105469,0,4
0.012232065200805664,0,5
0.03040909767150879,0,6
0.032917022705078125,0,6
0.03428506851196289,0,6
0.037873029708862305,0,6
12.710445165634155,1,1
12.710472106933594,0,2
12.711294174194336,0,2
12.71130919456482,0,2
12.73006010055542,1,1
12.7312171459198,0,2
12.731248140335083,0,2
12.732448101043701,0,2
