Time,Dst,Type
0.0,0,1
3.0040740966796875e-05,0,3
0.005026817321777344,0,2
0.006167888641357422,0,2
0.006188869476318359,0,2
0.007539987564086914,0,3
0.019295930862426758,0,5
1.0344970226287842,0,6
1.034505844116211,0,6
1.0437169075012207,0,6
1.4484059810638428,1,1
1.461205005645752,0,2
1.4624710083007812,0,2
2.2261760234832764,1,1
2.232383966445923,0,2
2.2333738803863525,0,2
2.2347240447998047,0,2
