Time,Dst,Type
0.0,0,1
1.3113021850585938e-05,0,2
0.000946044921875,0,2
0.0009591579437255859,0,3
0.0009620189666748047,0,2
0.0031921863555908203,0,3
0.005342006683349609,0,4
0.011867046356201172,0,5
0.023183107376098633,0,6
0.031617164611816406,0,6
0.034353017807006836,0,6
0.03812003135681152,0,6
0.37998414039611816,1,1
0.38001108169555664,0,2
0.38113999366760254,0,2
0.38260817527770996,0,2
1.5007011890411377,1,1
1.5007150173187256,0,2
1.5007190704345703,0,2
1.5017549991607666,0,2
