Time,Dst,Type
0.0,0,1
1.9073486328125e-05,0,2
0.0013079643249511719,0,3
0.0013279914855957031,0,2
0.0024259090423583984,0,3
0.004194021224975586,0,4
0.010809898376464844,0,5
0.022996902465820312,0,6
0.029902935028076172,0,6
0.03497910499572754,0,6
0.3624598979949951,0,2
1.4365899562835693,0,2
1.436614990234375,0,2
