Time,Dst,Type
0.0,0,2
0.0031778812408447266,0,4
0.009962081909179688,0,5
0.018996000289916992,0,6
0.029540061950683594,0,6
0.03092193603515625,0,6
0.03354692459106445,0,6
0.35256099700927734,0,2
0.35259199142456055,0,2
0.3537759780883789,0,2
1.5862300395965576,1,1
1.5862619876861572,0,2
1.5870659351348877,0,2
1.587096929550171,0,2
