Time,Dst,Type
0.0,0,1
0.001049041748046875,0,2
0.001074075698852539,0,3
0.0010859966278076172,0,2
0.0031800270080566406,0,2
0.003206968307495117,0,3
0.010614871978759766,0,5
0.014124870300292969,0,6
0.029757976531982422,0,6
0.0351409912109375,0,6
0.03625297546386719,0,6
0.37430596351623535,1,1
0.37560105323791504,0,2
0.3756110668182373,0,2
1.754951000213623,0,2
1.7562839984893799,0,2
