Time,Dst,Type
0.0,0,1
2.2172927856445312e-05,0,2
0.0010900497436523438,0,2
0.0011119842529296875,0,3
0.0011181831359863281,0,2
0.002151012420654297,0,3
0.003993034362792969,0,4
0.010439157485961914,0,5
0.021149158477783203,0,6
0.029649019241333008,0,6
0.03196907043457031,0,6
0.0354151725769043,0,6
0.36480116844177246,1,1
0.366178035736084,0,2
0.36620020866394043,0,2
1.5454380512237549,1,1
1.545478105545044,0,2
1.546450138092041,0,2
1.5464940071105957,0,2
