Time,Dst,Type
0.0,0,1
0.0010519027709960938,0,2
0.0010700225830078125,0,3
0.0010731220245361328,0,3
0.002466917037963867,0,2
0.0033500194549560547,0,3
0.005934000015258789,0,4
0.01825404167175293,0,6
0.032473087310791016,0,6
0.03340291976928711,0,6
0.03639507293701172,0,6
0.39291906356811523,1,1
0.39295291900634766,0,2
0.39420008659362793,0,2
1.4310219287872314,1,1
1.4310328960418701,0,2
1.4321279525756836,0,2
1.432136058807373,0,2
