Time,Dst,Type
0.0,0,1
8.106231689453125e-06,0,3
0.004328012466430664,0,2
0.012671947479248047,0,3
0.016704082489013672,0,4
0.022745132446289062,0,5
0.04230999946594238,0,6
0.046398162841796875,0,6
0.0638120174407959,0,6
0.06911015510559082,0,6
0.0691220760345459,0,6
0.42918896675109863,1,1
0.43371009826660156,0,2
0.4347679615020752,0,2
0.43587613105773926,0,2
