Time,Dst,Type
0.0,0,1
3.0040740966796875e-05,0,2
0.0010120868682861328,0,3
0.0019559860229492188,0,2
0.0019888877868652344,0,3
0.0030128955841064453,0,4
0.010293960571289062,0,5
0.020596027374267578,0,6
0.0304110050201416,0,6
0.03348803520202637,0,6
0.44802093505859375,1,1
0.4480550289154053,0,2
0.44937896728515625,0,2
0.45020508766174316,0,2
1.4592719078063965,1,1
1.4593050479888916,0,2
1.460357904434204,0,2
1.462019920349121,0,2
