Time,Dst,Type
0.0,0,2
2.7894973754882812e-05,0,3
3.2901763916015625e-05,0,3
0.0012638568878173828,0,2
0.0012888908386230469,0,3
0.002810955047607422,0,4
0.03079390525817871,0,6
0.377457857131958,1,1
0.3774728775024414,0,2
0.3797729015350342,0,2
1.5846149921417236,1,1
1.5846500396728516,0,2
1.5852580070495605,0,2
1.5852899551391602,0,2
