Time,Dst,Type
0.0,0,1
1.9073486328125e-05,0,2
0.0013370513916015625,0,2
0.0027620792388916016,0,3
0.003879070281982422,0,4
0.010702133178710938,0,5
0.01953601837158203,0,6
0.029508113861083984,0,6
0.030755043029785156,0,6
0.0321660041809082,0,6
0.38972020149230957,1,1
0.391185998916626,0,2
1.4212939739227295,0,2
1.4225621223449707,0,2
1.4237580299377441,0,2
