Time,Dst,Type
0.0,0,3
0.0006568431854248047,0,3
0.005159854888916016,0,4
0.011767864227294922,0,5
0.014099836349487305,0,6
0.03673291206359863,0,6
0.03896188735961914,0,6
8.674885988235474,1,1
8.674916982650757,0,2
8.67573595046997,0,2
8.676987886428833,0,2
8.695596933364868,0,2
8.696719884872437,0,2
8.69812798500061,0,2
