Time,Dst,Type
0.0,0,3
2.7894973754882812e-05,0,3
0.002234935760498047,0,4
0.009496927261352539,0,5
0.021322965621948242,0,6
0.024163007736206055,0,6
0.0254669189453125,0,6
0.026437044143676758,0,6
10.345468044281006,1,1
10.346938848495483,0,2
10.346966981887817,0,2
10.367039918899536,1,1
10.367048978805542,0,2
10.368145942687988,0,2
10.36815094947815,0,2
