Time,Dst,Type
0.0,0,4
0.010202884674072266,0,6
0.031123876571655273,0,6
0.03284502029418945,0,6
0.036863088607788086,0,6
10.48603105545044,1,1
10.486061096191406,0,2
10.487144947052002,0,2
10.488646984100342,0,2
10.50850796699524,1,1
10.508538007736206,0,2
10.509423971176147,0,2
10.509456872940063,0,2
18.67524290084839,1,1
18.675272941589355,0,2
18.676570892333984,0,2
18.676596879959106,0,2
18.697458028793335,1,1
18.6974880695343,0,2
18.698275089263916,0,2
18.69830298423767,0,2
