Time,Dst,Type
0.0,0,3
2.8133392333984375e-05,0,3
3.504753112792969e-05,0,3
0.002420186996459961,0,4
0.02362799644470215,0,6
0.026406049728393555,0,6
8.83943796157837,1,1
8.839469194412231,0,2
8.840376138687134,0,2
8.840404033660889,0,2
8.861402034759521,1,1
8.861433029174805,0,2
8.862226963043213,0,2
8.862256050109863,0,2
