Time,Dst,Type
0.0,0,3
2.5033950805664062e-05,0,3
0.0026388168334960938,0,4
0.008400917053222656,0,5
0.018121004104614258,0,6
0.02011585235595703,0,6
0.02363300323486328,0,6
0.023677825927734375,0,6
8.51081395149231,1,1
8.511883020401001,0,2
8.514410972595215,0,2
8.533430814743042,1,1
8.533447027206421,0,2
8.53450894355774,0,2
