Time,Dst,Type
0.0,0,6
0.0008740425109863281,0,6
10.238929033279419,1,1
10.238959074020386,0,2
10.240451097488403,0,2
10.240478992462158,0,2
10.262397050857544,1,1
10.262426137924194,0,2
10.262434005737305,0,2
10.263309955596924,0,2
