Time,Dst,Type
0.0,0,3
1.0013580322265625e-05,0,3
0.0023899078369140625,0,4
0.002404928207397461,0,4
0.010603904724121094,0,5
0.011966943740844727,0,6
0.03172802925109863,0,6
0.03412008285522461,0,6
0.03537297248840332,0,6
6.575429916381836,1,1
6.575453042984009,0,2
6.576498031616211,0,2
6.576510906219482,0,2
6.5973310470581055,1,1
6.598465919494629,0,2
6.5984790325164795,0,2
6.599577903747559,0,2
