Time,Dst,Type
0.0,0,3
3.504753112792969e-05,0,3
0.0029320716857910156,0,4
0.00981593132019043,0,5
0.02819085121154785,0,6
0.029898881912231445,0,6
0.0328068733215332,0,6
0.033674001693725586,0,6
10.472596883773804,1,1
10.495553016662598,1,1
10.495581865310669,0,2
10.496351957321167,0,2
10.496379852294922,0,2
