Time,Dst,Type
0.0,0,1
0.0011069774627685547,0,2
0.002285003662109375,0,2
0.0022950172424316406,0,3
0.014384984970092773,0,3
0.016196012496948242,0,4
0.05128908157348633,0,5
0.18302702903747559,0,6
0.18847203254699707,0,6
0.20773696899414062,0,6
0.214616060256958,0,6
10.291454076766968,1,1
10.291465044021606,1,1
10.291465997695923,0,2
10.293081998825073,0,2
10.311659097671509,1,1
10.311686992645264,1,1
10.31168794631958,0,2
10.313169002532959,0,2
