Time,Dst,Type
0.0,0,3
6.9141387939453125e-06,0,3
0.0033059120178222656,0,4
0.026263952255249023,0,6
0.02816486358642578,0,6
0.03083181381225586,0,6
0.03210091590881348,0,6
10.970391988754272,1,1
10.972455024719238,0,2
10.973724842071533,0,2
10.99188780784607,1,1
10.9928560256958,0,2
10.993764877319336,0,2
