Time,Dst,Type
0.0,0,3
0.0009319782257080078,0,3
0.0022890567779541016,0,4
0.00909113883972168,0,5
0.02249908447265625,0,6
0.023350954055786133,0,6
0.024615049362182617,0,6
0.025582075119018555,0,6
10.960020065307617,1,1
10.960054159164429,0,2
10.960994005203247,0,2
10.962321996688843,0,2
10.981318950653076,1,1
10.981342077255249,0,2
10.982969999313354,0,2
10.983000993728638,0,2
