Time,Dst,Type
0.0,0,3
0.0018520355224609375,0,4
0.023543834686279297,0,6
0.024842023849487305,0,6
0.02656388282775879,0,6
0.027894973754882812,0,6
10.960427045822144,1,1
10.961325883865356,0,2
10.962419033050537,0,2
10.982842922210693,0,2
10.983787059783936,0,2
10.98517894744873,0,2
