Time,Dst,Type
0.0,0,3
3.2901763916015625e-05,0,3
0.0009038448333740234,0,4
0.008179903030395508,0,5
0.01721787452697754,0,6
0.019507884979248047,0,6
0.024847030639648438,0,6
10.891685962677002,1,1
10.891706943511963,0,2
10.892486810684204,0,2
10.893541812896729,0,2
10.913769960403442,1,1
10.913798809051514,0,2
10.915076971054077,0,2
