Time,Dst,Type
0.0,0,3
7.867813110351562e-06,0,3
0.0022728443145751953,0,4
0.008896827697753906,0,5
0.024406909942626953,0,6
0.026877880096435547,0,6
0.02807903289794922,0,6
10.944487810134888,0,2
10.945897817611694,0,2
10.96572995185852,1,1
10.965760946273804,0,2
10.967458009719849,0,2
