Time,Dst,Type
0.0,0,3
1.1205673217773438e-05,0,3
0.0023581981658935547,0,4
0.008648157119750977,0,5
0.025004148483276367,0,6
0.026072978973388672,0,6
10.912736177444458,1,1
10.913969993591309,0,2
10.915088176727295,0,2
