Time,Dst,Type
0.0,0,3
0.0008158683776855469,0,3
0.003031015396118164,0,4
0.03713798522949219,0,6
0.039340972900390625,0,6
0.03935098648071289,0,6
10.907120943069458,0,2
10.908349990844727,0,2
10.908359050750732,0,2
10.928602933883667,1,1
10.929802894592285,0,2
10.92982792854309,0,2
10.930665969848633,0,2
21.805914878845215,1,1
21.805922985076904,0,2
21.807313919067383,0,2
21.80731701850891,0,2
21.82900094985962,1,1
21.82901096343994,0,2
21.830437898635864,0,2
21.830446004867554,0,2
