Time,Dst,Type
0.0,0,3
0.0026209354400634766,0,4
0.011739015579223633,0,6
0.03395199775695801,0,6
0.03698587417602539,0,6
11.06785798072815,1,1
11.090666055679321,1,1
11.090672969818115,0,2
11.0921049118042,0,2
11.092110872268677,0,2
