Time,Dst,Type
0.0,0,1
5.0067901611328125e-06,0,2
0.0011019706726074219,0,2
0.08235597610473633,0,3
0.0852348804473877,0,4
0.09179997444152832,0,5
0.10728096961975098,0,6
0.11110186576843262,0,6
0.11327004432678223,0,6
9.283082962036133,1,1
9.283114910125732,0,2
9.284164905548096,0,2
9.296293020248413,1,1
9.296316862106323,0,2
9.297853946685791,0,2
9.299049854278564,0,2
12.083168029785156,0,2
