Time,Dst,Type
0.0,0,1
3.886222839355469e-05,0,2
0.0010678768157958984,0,2
0.0010988712310791016,0,2
0.07470703125,0,3
0.07847404479980469,0,4
0.07849407196044922,0,4
0.08609795570373535,0,5
0.09081196784973145,0,6
0.09632396697998047,0,6
0.09639787673950195,0,6
0.09738993644714355,0,6
0.10428786277770996,0,6
9.472368955612183,1,1
9.473491907119751,0,2
9.48633599281311,1,1
9.486347913742065,0,2
9.487320899963379,0,2
9.48734998703003,0,2
