Time,Dst,Type
0.0,0,1
2.384185791015625e-05,0,2
0.0010287761688232422,0,2
0.0740499496459961,0,3
0.07760095596313477,0,4
0.0852198600769043,0,5
0.09247088432312012,0,6
0.09641098976135254,0,6
0.09850287437438965,0,6
9.273066997528076,1,1
9.274624824523926,0,2
9.274658918380737,0,2
9.27652382850647,0,2
11.977377891540527,1,1
11.977409839630127,0,2
11.978272914886475,0,2
11.978327989578247,0,2
11.991132974624634,1,1
11.991164922714233,0,2
11.991174936294556,0,2
