Time,Dst,Type
0.0,0,1
2.9087066650390625e-05,0,2
0.001116037368774414,0,2
0.001146078109741211,0,2
0.07709002494812012,0,4
0.08441305160522461,0,5
0.0844430923461914,0,5
0.10152888298034668,0,6
9.341202974319458,0,2
12.043246984481812,1,1
12.043267011642456,0,2
12.044565916061401,0,2
12.046523094177246,0,2
12.057230949401855,1,1
12.057260036468506,0,2
12.058458089828491,0,2
12.058481931686401,0,2
