Time,Dst,Type
0.0,0,2
0.0009260177612304688,0,2
0.07389211654663086,0,3
0.07731294631958008,0,4
0.08414101600646973,0,5
9.379739999771118,1,1
9.39391303062439,0,2
9.393925905227661,0,2
9.395354986190796,0,2
