Time,Dst,Type
0.0,0,1
0.0010991096496582031,0,2
0.0011210441589355469,0,2
0.0022690296173095703,0,2
0.07584309577941895,0,3
0.1024329662322998,0,6
0.10553598403930664,0,6
0.11032509803771973,0,6
9.20090389251709,0,2
9.202141046524048,0,2
12.138220071792603,1,1
12.153986930847168,1,1
