Time,Dst,Type
0.0,0,1
2.3126602172851562e-05,0,2
0.07471513748168945,0,3
0.07473397254943848,0,3
0.07883214950561523,0,4
0.08510303497314453,0,5
0.09862399101257324,0,6
0.10172820091247559,0,6
0.10302019119262695,0,6
0.10723018646240234,0,6
9.436442136764526,0,2
9.43746018409729,0,2
9.437469005584717,0,2
12.302316188812256,1,1
19.470901012420654,1,1
19.47215700149536,0,2
19.47219705581665,0,2
19.473112106323242,0,2
