Time,Dst,Type
0.0,0,1
2.5987625122070312e-05,0,2
0.0011758804321289062,0,2
0.0012018680572509766,0,3
0.0012090206146240234,0,2
0.0029718875885009766,0,4
0.010853052139282227,0,5
0.0289609432220459,0,6
0.034082889556884766,0,6
0.03625798225402832,0,6
0.03933882713317871,0,6
0.41440796852111816,0,2
0.41576385498046875,0,2
0.41579103469848633,0,2
