Time,Dst,Type
0.0,0,1
2.288818359375e-05,0,2
0.001255035400390625,0,2
0.0012788772583007812,0,3
0.0023500919342041016,0,3
0.0052640438079833984,0,4
0.011825084686279297,0,5
0.022701025009155273,0,6
0.03513908386230469,0,6
0.036787986755371094,0,6
0.03949093818664551,0,6
0.43625307083129883,0,2
0.43736696243286133,0,2
0.43738889694213867,0,2
1.2435190677642822,0,2
1.2445120811462402,0,2
1.2445359230041504,0,2
11.277307987213135,0,2
11.278608083724976,0,2
11.278632879257202,0,2
