Time,Dst,Type
0.0,0,1
2.5987625122070312e-05,0,2
0.0008380413055419922,0,2
0.0008649826049804688,0,3
0.0008721351623535156,0,2
0.0008780956268310547,0,3
0.003740072250366211,0,4
0.010192155838012695,0,5
0.02343297004699707,0,6
0.034803152084350586,0,6
0.03670310974121094,0,6
0.03997206687927246,0,6
0.39638614654541016,0,2
0.3974740505218506,0,2
0.39750003814697266,0,2
1.483506202697754,0,2
1.4847211837768555,0,2
1.4858481884002686,0,2
11.52732801437378,0,2
