Time,Dst,Type
0.0,0,1
2.5987625122070312e-05,0,2
0.001010894775390625,0,2
0.0010399818420410156,0,3
0.001049041748046875,0,2
0.0010578632354736328,0,3
0.0042569637298583984,0,4
0.010668039321899414,0,5
0.02367687225341797,0,6
0.03486490249633789,0,6
0.03604602813720703,0,6
0.03962087631225586,0,6
0.35091686248779297,0,2
0.35198092460632324,0,2
0.3520069122314453,0,2
1.6687889099121094,0,2
1.6700148582458496,0,2
1.6700448989868164,0,2
