Time,Dst,Type
0.0,0,1
2.5987625122070312e-05,0,2
0.0011289119720458984,0,2
0.001155853271484375,0,3
0.0011630058288574219,0,2
0.0020399093627929688,0,3
0.010694026947021484,0,5
0.01977992057800293,0,6
0.03421902656555176,0,6
0.03549003601074219,0,6
0.03954005241394043,0,6
0.4257960319519043,0,2
0.42662692070007324,0,2
0.4266500473022461,0,2
1.314681053161621,0,2
1.315457820892334,0,2
