Time,Dst,Type
0.0,0,1
0.0012259483337402344,0,2
0.0012497901916503906,0,3
0.0012559890747070312,0,2
0.0012619495391845703,0,3
0.004211902618408203,0,4
0.011245965957641602,0,5
0.02761387825012207,0,6
0.036049842834472656,0,6
0.03775787353515625,0,6
0.04136991500854492,0,6
0.39446282386779785,0,2
0.39557790756225586,0,2
0.39559483528137207,0,2
1.3764958381652832,0,2
1.3774468898773193,0,2
1.3774738311767578,0,2
11.370710849761963,0,2
11.371758937835693,0,2
