Time,Dst,Type
0.0,0,1
3.0040740966796875e-05,0,2
0.0009829998016357422,0,2
0.0010118484497070312,0,3
0.0010209083557128906,0,2
0.0023589134216308594,0,3
0.005614042282104492,0,4
0.012356042861938477,0,5
0.027590036392211914,0,6
0.036828041076660156,0,6
0.03848886489868164,0,6
0.04149985313415527,0,6
0.37751197814941406,0,2
0.37857484817504883,0,2
11.322283029556274,0,2
