Time,Dst,Type
0.0,0,1
0.0009799003601074219,0,2
0.0010099411010742188,0,2
0.002457857131958008,0,2
0.012662887573242188,0,3
0.01269984245300293,0,3
0.02270984649658203,0,5
0.02550792694091797,0,6
0.02812790870666504,0,6
0.02942490577697754,0,6
0.030360937118530273,0,6
0.032670021057128906,0,6
0.03269505500793457,0,6
0.4801168441772461,0,2
0.4813718795776367,0,2
0.4814178943634033,0,2
