Time,Dst,Type
0.0,0,1
2.6941299438476562e-05,0,2
0.0011179447174072266,0,2
0.014540910720825195,0,3
0.014567852020263672,0,3
0.018596887588500977,0,4
0.028193950653076172,0,5
0.03767800331115723,0,6
0.03948187828063965,0,6
0.040750980377197266,0,6
0.4721958637237549,1,1
0.49388599395751953,0,2
0.49547386169433594,0,2
0.4955110549926758,0,2
