Time,Dst,Type
0.0,0,2
0.0012128353118896484,0,2
0.0012428760528564453,0,2
0.013711929321289062,0,3
0.01372981071472168,0,3
0.02394390106201172,0,5
0.040750980377197266,0,6
0.04484391212463379,0,6
0.04692196846008301,0,6
0.4819049835205078,1,1
0.48288488388061523,0,2
0.4846489429473877,0,2
0.4846780300140381,0,2
