Time,Dst,Type
0.0,0,3
0.0011379718780517578,0,2
0.0022351741790771484,0,2
0.003365039825439453,0,2
0.0033919811248779297,0,3
0.004954099655151367,0,4
0.026762962341308594,0,6
0.026808977127075195,0,6
0.038156986236572266,0,6
0.0403900146484375,0,6
0.04319310188293457,0,6
0.40630602836608887,1,1
0.407520055770874,0,2
0.40848398208618164,0,2
0.4085111618041992,0,2
1.5111360549926758,1,1
1.511139154434204,0,2
1.5121331214904785,0,2
1.513362169265747,0,2
