Time,Dst,Type
0.0,0,1
3.409385681152344e-05,0,2
0.001007080078125,0,2
0.0010519027709960938,0,3
0.0010619163513183594,0,2
0.001071929931640625,0,3
0.004229068756103516,0,4
0.01116490364074707,0,5
0.026618003845214844,0,6
0.03499412536621094,0,6
0.036663055419921875,0,6
0.03995108604431152,0,6
0.4011039733886719,1,1
0.4011399745941162,0,2
0.4023590087890625,0,2
0.4023900032043457,0,2
1.4310951232910156,1,1
1.4319229125976562,0,2
1.4362199306488037,0,2
1.436249017715454,0,2
