Time,Dst,Type
0.0,0,1
5.0067901611328125e-06,0,2
0.0010001659393310547,0,3
0.0010101795196533203,0,3
0.001013040542602539,0,3
0.0010161399841308594,0,3
0.0037801265716552734,0,2
0.022494077682495117,0,5
0.02497720718383789,0,5
0.033286094665527344,0,5
0.034574031829833984,0,6
0.04454207420349121,0,6
0.04806399345397949,0,6
0.42233920097351074,1,1
0.42237401008605957,0,2
0.4234020709991455,0,2
0.42344021797180176,0,2
