Time,Dst,Type
0.0,1,1
3.0040740966796875e-05,0,2
0.0014002323150634766,0,2
0.0014300346374511719,0,2
0.02395319938659668,0,3
0.023981094360351562,0,3
0.02549910545349121,0,4
0.031855106353759766,0,5
0.03875613212585449,0,6
0.03964710235595703,0,6
0.04151606559753418,0,6
0.04158210754394531,0,6
