Time,Dst,Type
0.0,1,1
3.0040740966796875e-05,0,2
0.0010619163513183594,0,2
0.0010900497436523438,0,2
0.022387027740478516,0,3
0.022427082061767578,0,3
0.023638010025024414,0,4
0.03055095672607422,0,5
0.04746294021606445,0,6
0.049432992935180664,0,6
0.05069088935852051,0,6
0.05166912078857422,0,6
