Time,Dst,Type
0.0,1,1
3.0994415283203125e-05,0,2
0.0013120174407958984,0,2
0.0013380050659179688,0,2
0.02265000343322754,0,3
0.02395486831665039,0,3
0.02398204803466797,0,3
0.025348901748657227,0,4
0.03223991394042969,0,5
0.042777061462402344,0,6
0.044476985931396484,0,6
0.04578709602355957,0,6
