Time,Dst,Type
0.0,1,1
2.6941299438476562e-05,0,2
0.0015759468078613281,0,2
0.0029048919677734375,0,2
0.023276090621948242,0,3
0.023300886154174805,0,3
0.024628877639770508,0,4
0.033104896545410156,0,5
0.03572487831115723,0,6
0.03689408302307129,0,6
0.03913998603820801,0,6
0.03917503356933594,0,6
0.040489912033081055,0,6
0.04051089286804199,0,6
