Time,Dst,Type
0.0,1,1
0.0010349750518798828,0,2
0.0010509490966796875,0,2
0.002035856246948242,0,2
0.02314281463623047,0,3
0.024501800537109375,0,3
0.026327848434448242,0,4
0.03282594680786133,0,5
0.03996586799621582,0,6
0.05151796340942383,0,6
