Time,Dst,Type
0.0,0,1
3.2901763916015625e-05,0,2
0.006991863250732422,0,3
0.0070040225982666016,0,3
0.009870052337646484,0,4
0.06389689445495605,0,6
0.08517098426818848,0,6
0.08786487579345703,0,6
1.523240089416504,1,1
1.5299839973449707,0,2
1.5436139106750488,1,1
11.43874192237854,1,1
11.446892976760864,0,2
11.457649946212769,1,1
11.458899974822998,0,2
11.458909034729004,0,2
11.466331005096436,0,2
