Time,Dst,Type
0.0,0,3
0.0015730857849121094,0,3
0.007008075714111328,0,2
0.011909008026123047,0,4
0.034089088439941406,0,5
0.07083797454833984,0,6
0.11005592346191406,0,6
0.11698508262634277,0,6
0.1299118995666504,0,6
1.626512050628662,1,1
1.6265230178833008,0,2
1.6308400630950928,0,2
1.6482748985290527,1,1
1.6625418663024902,0,2
1.6636149883270264,0,2
