Time,Dst,Type
0.0,0,1
0.012945890426635742,0,2
0.018931865692138672,0,3
0.02781081199645996,0,3
0.034294843673706055,0,4
0.10257101058959961,0,6
0.10359883308410645,0,6
0.1107478141784668,0,6
1.6460368633270264,1,1
1.654148817062378,0,2
1.654850959777832,0,2
1.655932903289795,0,2
