Time,Dst,Type
0.0,0,3
0.005867958068847656,0,3
0.29003405570983887,0,3
0.3035469055175781,0,4
0.303555965423584,0,4
0.3432130813598633,0,5
0.5073230266571045,0,6
0.5123229026794434,0,6
0.5146288871765137,0,6
0.516294002532959,0,6
