Time,Dst,Type
0.0,0,3
9.5367431640625e-07,0,3
1.9073486328125e-06,0,3
3.0994415283203125e-06,0,3
0.25565290451049805,0,3
0.2687211036682129,0,4
0.2782430648803711,0,5
0.31969690322875977,0,6
0.3227698802947998,0,6
0.32277989387512207,0,6
0.3239889144897461,0,6
0.32567501068115234,0,6
0.3256850242614746,0,6
0.3273799419403076,0,6
