Time,Dst,Type
0.0,0,3
0.3071310520172119,0,3
0.3207252025604248,0,4
0.3287651538848877,0,5
0.37420010566711426,0,6
0.3752450942993164,0,6
0.3777952194213867,0,6
0.3789970874786377,0,6
6.696317195892334,0,2
6.697644233703613,0,2
6.698756217956543,0,2
