Time,Dst,Type
0.0,0,3
0.0653228759765625,0,3
0.07863903045654297,0,4
0.09676289558410645,0,5
0.10227203369140625,0,6
0.11862492561340332,0,6
0.12035393714904785,0,6
0.12221288681030273,0,6
0.12221789360046387,0,6
0.12221908569335938,0,6
0.12222003936767578,0,6
