Time,Dst,Type
0.0,0,3
8.106231689453125e-06,0,3
0.0028328895568847656,0,4
0.012867927551269531,0,5
0.025790929794311523,0,6
0.025796890258789062,0,6
0.027770042419433594,0,6
0.027837038040161133,0,6
0.029519081115722656,0,6
0.02953505516052246,0,6
0.03093099594116211,0,6
0.03094005584716797,0,6
6.305099964141846,0,2
6.305109024047852,0,2
6.305110931396484,0,2
6.326251029968262,0,2
6.326263904571533,0,2
