Time,Dst,Type
0.0,0,3
9.059906005859375e-06,0,3
0.0039980411529541016,0,4
0.004005908966064453,0,4
0.004006862640380859,0,4
0.0050470829010009766,0,4
0.012192010879516602,0,5
0.017016887664794922,0,6
0.03212594985961914,0,6
0.032141923904418945,0,6
0.03215289115905762,0,6
0.03280997276306152,0,6
0.0328218936920166,0,6
0.035520076751708984,0,6
6.349765062332153,0,2
6.350902080535889,0,2
6.352114915847778,0,2
6.372143030166626,0,2
6.373164892196655,0,2
6.374790906906128,0,2
