Time,Dst,Type
0.0,0,3
0.001157999038696289,0,3
0.003615856170654297,0,4
0.010538816452026367,0,5
0.027061939239501953,0,6
0.029762983322143555,0,6
0.030815839767456055,0,6
0.030827045440673828,0,6
0.03304886817932129,0,6
