Time,Dst,Type
0.0,0,3
0.029703140258789062,0,3
0.04285311698913574,0,4
0.061532020568847656,0,5
0.09461593627929688,0,6
0.09754800796508789,0,6
0.09961605072021484,0,6
0.1014089584350586,0,6
5.074958086013794,0,2
5.076317071914673,0,2
