Time,Dst,Type
0.0,0,3
0.13671112060546875,0,3
0.15094304084777832,0,4
0.1691291332244873,0,5
0.23141813278198242,0,6
0.23543906211853027,0,6
0.23735404014587402,0,6
0.23912310600280762,0,6
0.23913216590881348,0,6
6.5147600173950195,0,2
6.516985177993774,0,2
6.537003993988037,0,2
6.537013053894043,0,2
6.5383851528167725,0,2
