Time,Dst,Type
0.0,0,3
5.0067901611328125e-06,0,3
0.0039768218994140625,0,4
0.010100841522216797,0,5
0.015645980834960938,0,6
0.01924300193786621,0,6
0.0209808349609375,0,6
0.023021936416625977,0,6
0.023029804229736328,0,6
6.323453903198242,0,2
6.324525833129883,0,2
6.325594902038574,0,2
