Time,Dst,Type
0.0,0,3
0.0010609626770019531,0,3
0.0010700225830078125,0,3
0.004384040832519531,0,4
0.011140108108520508,0,5
0.019130945205688477,0,6
0.02242112159729004,0,6
0.02388596534729004,0,6
0.025263071060180664,0,6
