Time,Dst,Type
0.0,1,1
0.0012421607971191406,0,2
0.0012722015380859375,0,2
0.024084091186523438,0,3
0.03356003761291504,0,5
0.03774619102478027,0,5
0.04465007781982422,0,6
0.04798007011413574,0,6
0.04937100410461426,0,6
0.05731916427612305,0,6
