Time,Dst,Type
0.0,1,1
2.8133392333984375e-05,0,2
0.0008540153503417969,0,2
0.0008819103240966797,0,2
0.02363300323486328,0,3
0.023661136627197266,0,3
0.025210142135620117,0,4
0.03174114227294922,0,5
0.04428410530090332,0,6
0.04548907279968262,0,6
0.047521114349365234,0,6
0.04864311218261719,0,6
