Time,Dst,Type
0.0,1,1
3.0040740966796875e-05,0,2
0.0009579658508300781,0,2
0.0009851455688476562,0,2
0.023414134979248047,0,3
0.023437976837158203,0,3
0.02505016326904297,0,4
0.03211617469787598,0,5
0.0420680046081543,0,6
0.04387807846069336,0,6
0.045229196548461914,0,6
0.04672098159790039,0,6
