Time,Dst,Type
0.0,1,1
3.600120544433594e-05,0,2
0.0015881061553955078,0,2
0.0026941299438476562,0,2
0.024105072021484375,0,3
0.02411794662475586,0,3
0.026031017303466797,0,4
0.04457712173461914,0,6
0.04587602615356445,0,6
0.04810905456542969,0,6
0.048113107681274414,0,6
0.04990100860595703,0,6
0.058381080627441406,0,6
