Time,Dst,Type
0.0,1,1
0.0005421638488769531,0,2
0.0018191337585449219,0,2
0.0018460750579833984,0,2
0.02453899383544922,0,3
0.024567127227783203,0,3
0.025683164596557617,0,4
0.03220319747924805,0,5
0.03541421890258789,0,6
0.03544116020202637,0,6
0.03730010986328125,0,6
0.038616180419921875,0,6
0.040383100509643555,0,6
