Time,Dst,Type
0.0,1,1
0.0013248920440673828,0,2
0.0033109188079833984,0,2
0.023923873901367188,0,3
0.023949861526489258,0,3
0.025476932525634766,0,4
0.03164196014404297,0,5
0.04996180534362793,0,6
0.05304384231567383,0,6
0.05488777160644531,0,6
0.05612492561340332,0,6
10.014234781265259,0,1
