Time,Dst,Type
0.0,1,1
0.0016269683837890625,0,2
0.0035240650177001953,0,2
0.025320053100585938,0,3
0.025349140167236328,0,3
0.025356054306030273,0,3
0.027265071868896484,0,4
0.03358101844787598,0,5
0.040060997009277344,0,6
0.040086984634399414,0,6
0.04009509086608887,0,6
0.041049957275390625,0,6
0.04685616493225098,0,6
0.04893207550048828,0,6
0.050126075744628906,0,6
