Time,Dst,Type
0.0,1,1
0.0008389949798583984,0,2
0.0008711814880371094,0,2
0.0017161369323730469,0,2
0.023769140243530273,0,3
0.023802995681762695,0,3
0.025527000427246094,0,4
0.040197134017944336,0,6
0.04164004325866699,0,6
0.044248104095458984,0,6
0.04565715789794922,0,6
