Time,Dst,Type
0.0,1,1
2.9802322387695312e-05,0,2
0.001264810562133789,0,2
0.0012919902801513672,0,2
0.023849010467529297,0,3
0.02385687828063965,0,3
0.025686979293823242,0,4
0.032631874084472656,0,5
0.03777480125427246,0,6
0.03951597213745117,0,6
0.040791988372802734,0,6
