Time,Dst,Type
0.0,1,1
2.9802322387695312e-05,0,2
0.0010478496551513672,0,2
0.0010747909545898438,0,2
0.02325582504272461,0,3
0.024678945541381836,0,4
0.0247039794921875,0,4
0.03540778160095215,0,6
0.0364530086517334,0,6
0.038168907165527344,0,6
