Time,Dst,Type
0.0,0,3
3.314018249511719e-05,0,3
0.0037450790405273438,0,4
0.009710073471069336,0,5
0.01871204376220703,0,6
0.018722057342529297,0,6
0.02241802215576172,0,6
0.023717164993286133,0,6
0.024821043014526367,0,6
6.306819200515747,1,1
6.306852102279663,0,2
6.308060169219971,0,2
6.308088064193726,0,2
6.328233003616333,1,1
16.27026915550232,1,1
16.27180814743042,0,2
16.27184009552002,0,2
16.2728750705719,0,2
16.293288230895996,1,1
