Time,Dst,Type
0.0,0,2
0.0013401508331298828,0,2
0.02157306671142578,1,1
0.021603107452392578,0,2
0.022909164428710938,0,2
0.02293705940246582,0,2
0.10086417198181152,0,3
0.1008920669555664,0,3
0.10386419296264648,0,4
0.11110520362854004,0,5
0.11415910720825195,0,6
0.12816405296325684,0,6
0.13019108772277832,0,6
0.1320650577545166,0,6
5.100900173187256,1,1
5.100912094116211,0,2
5.102097034454346,0,2
5.103156089782715,0,2
5.122745037078857,1,1
