Time,Dst,Type
0.0,0,3
2.5033950805664062e-05,0,3
0.005228996276855469,0,4
0.011795997619628906,0,5
0.014786005020141602,0,6
0.017313003540039062,0,6
0.018925189971923828,0,6
0.018983125686645508,0,6
5.031638145446777,1,1
5.031649112701416,0,2
5.033252000808716,0,2
5.034139156341553,0,2
5.055538177490234,1,1
42.61053800582886,1,1
42.6105580329895,0,2
42.611462116241455,0,2
42.612651109695435,0,2
42.6323561668396,1,1
