Time,Dst,Type
0.0,0,3
3.0040740966796875e-05,0,3
0.0028040409088134766,0,4
0.009470939636230469,0,5
0.027370929718017578,0,6
0.02864694595336914,0,6
0.030284881591796875,0,6
0.03034210205078125,0,6
5.087017059326172,1,1
5.088268995285034,0,2
5.088277101516724,0,2
5.109463930130005,1,1
27.38666296005249,1,1
27.38668203353882,0,2
27.3876850605011,0,2
27.38871693611145,0,2
27.409400939941406,1,1
