Time,Dst,Type
0.0,0,3
2.5987625122070312e-05,0,3
0.004939079284667969,0,4
0.01091909408569336,0,5
0.026571989059448242,0,6
0.03058004379272461,0,6
6.194317102432251,0,2
6.1954920291900635,0,2
6.195518970489502,0,2
6.215718984603882,1,1
16.299636125564575,1,1
26.320271968841553,1,1
26.320279121398926,0,2
26.32170605659485,0,2
26.322850942611694,0,2
26.34249496459961,1,1
