Time,Dst,Type
0.0,0,3
0.0023550987243652344,0,4
0.009534120559692383,0,5
0.024099111557006836,0,6
0.02534008026123047,0,6
0.026690959930419922,0,6
0.02782607078552246,0,6
4.995845079421997,1,1
56.97199606895447,1,1
56.97348213195801,0,2
56.97351002693176,0,2
56.974892139434814,0,2
56.99554800987244,1,1
