Time,Dst,Type
0.0,0,3
0.0026040077209472656,0,4
0.009163141250610352,0,5
0.024158000946044922,0,6
0.024189233779907227,0,6
0.026292085647583008,0,6
0.026319026947021484,0,6
5.130475044250488,1,1
5.130480051040649,0,2
5.131724119186401,0,2
5.149547100067139,1,1
15.350458145141602,0,2
15.350464105606079,0,2
15.371164083480835,1,1
