Time,Dst,Type
0.0,0,3
4.100799560546875e-05,0,3
0.011518001556396484,0,5
0.02511000633239746,0,6
0.0277249813079834,0,6
0.029072999954223633,0,6
0.03080916404724121,0,6
6.250669002532959,1,1
6.250718116760254,0,2
6.2515270709991455,0,2
6.251574993133545,0,2
6.270733118057251,1,1
16.260340213775635,1,1
16.260374069213867,0,2
16.26160216331482,0,2
16.261632204055786,0,2
