Time,Dst,Type
0.0,1,1
2.9087066650390625e-05,0,2
0.0009989738464355469,0,2
0.002271890640258789,0,2
0.028232097625732422,0,2
0.02826094627380371,0,2
0.029015064239501953,0,2
0.1405949592590332,0,3
0.14063405990600586,0,3
0.14411306381225586,0,4
0.15039896965026855,0,5
0.15355396270751953,0,6
0.1619269847869873,0,6
0.1638948917388916,0,6
0.1651310920715332,0,6
5.0339460372924805,1,1
5.033952951431274,0,2
5.035003900527954,0,2
5.035007953643799,0,2
5.055249929428101,1,1
