Time,Dst,Type
0.0,0,3
0.008929014205932617,0,3
0.012729167938232422,0,4
0.019143104553222656,0,5
0.03410696983337402,0,6
0.03542518615722656,0,6
0.03714299201965332,0,6
5.080366134643555,0,2
5.080373048782349,0,2
5.0818140506744385,0,2
5.10207200050354,1,1
19.278836011886597,1,1
19.27885603904724,0,2
19.28018808364868,0,2
19.280213117599487,0,2
19.301966190338135,1,1
