Time,Dst,Type
0.0,0,3
2.6941299438476562e-05,0,3
0.0017809867858886719,0,4
0.008621931076049805,0,5
0.020970821380615234,0,6
0.02102184295654297,0,6
0.023521900177001953,0,6
0.02524590492248535,0,6
0.0266568660736084,0,6
107.0586588382721,1,1
107.05867886543274,0,2
107.05970501899719,0,2
107.05971693992615,0,2
107.08048987388611,1,1
