Time,Dst,Type
0.0,0,1
2.7894973754882812e-05,0,2
0.0012810230255126953,0,2
0.0013098716735839844,0,3
0.0013170242309570312,0,2
0.0013239383697509766,0,3
0.004101991653442383,0,4
0.010512828826904297,0,5
0.050447940826416016,0,6
0.052536964416503906,0,6
0.058233022689819336,0,6
12.259562015533447,1,1
12.260928869247437,0,2
12.26095700263977,0,2
12.262327909469604,0,2
22.198015928268433,1,1
22.19882583618164,0,2
22.19886088371277,0,2
22.200150966644287,0,2
