Time,Dst,Type
0.0,1,1
1.2874603271484375e-05,0,2
0.0013189315795898438,0,2
0.0024089813232421875,0,2
0.025220870971679688,0,3
0.025228023529052734,0,3
0.026978015899658203,0,4
0.03389286994934082,0,5
0.03688406944274902,0,6
0.03784990310668945,0,6
0.04013991355895996,0,6
0.04134106636047363,0,6
