Time,Dst,Type
0.0,1,1
1.5974044799804688e-05,0,2
0.001085042953491211,0,2
0.0010981559753417969,0,2
0.02328014373779297,0,3
0.023298978805541992,0,3
0.024268150329589844,0,4
0.030330181121826172,0,5
0.04894399642944336,0,6
0.05041217803955078,0,6
0.05227518081665039,0,6
0.053301095962524414,0,6
