Time,Dst,Type
0.0,1,1
0.0005178451538085938,0,2
0.0005328655242919922,0,2
0.0015559196472167969,0,2
0.023370981216430664,0,3
0.023386001586914062,0,3
0.024663925170898438,0,4
0.03070688247680664,0,5
0.03901386260986328,0,6
0.040261030197143555,0,6
0.04131603240966797,0,6
0.04318690299987793,0,6
