Time,Dst,Type
0.0,1,1
3.1948089599609375e-05,0,2
0.0008890628814697266,0,2
0.0009191036224365234,0,2
0.023276090621948242,0,3
0.02328014373779297,0,3
0.025171995162963867,0,4
0.031152963638305664,0,5
0.03752613067626953,0,6
0.03885793685913086,0,6
0.0406191349029541,0,6
0.040641069412231445,0,6
