Time,Dst,Type
0.0,1,1
3.0994415283203125e-05,0,2
0.0011398792266845703,0,2
0.0011639595031738281,0,2
0.022975921630859375,0,3
0.022999048233032227,0,3
0.024550914764404297,0,4
0.030665874481201172,0,5
0.03817892074584961,0,6
0.039389848709106445,0,6
0.04038691520690918,0,6
0.041934967041015625,0,6
