Time,Dst,Type
0.0,1,1
0.00716400146484375,0,2
0.008898019790649414,0,2
0.029705047607421875,0,3
0.029735088348388672,0,3
0.03841090202331543,0,5
0.05644106864929199,0,6
0.05746889114379883,0,6
0.0574798583984375,0,6
0.06573700904846191,0,6
0.0666050910949707,0,6
