Time,Dst,Type
0.0,1,1
0.0006191730499267578,0,2
0.0006430149078369141,0,2
0.001764059066772461,0,2
0.02307605743408203,0,3
0.023957014083862305,0,3
0.025281190872192383,0,4
0.032775163650512695,0,5
0.05014801025390625,0,6
0.05140113830566406,0,6
0.05142807960510254,0,6
0.05143308639526367,0,6
0.05426311492919922,0,6
0.05554604530334473,0,6
0.05557107925415039,0,6
0.5056571960449219,0,4
