Time,Dst,Type
0.0,1,1
3.0994415283203125e-05,0,2
0.0009319782257080078,0,2
0.0009589195251464844,0,2
0.0229339599609375,0,3
0.02403402328491211,0,4
0.03096795082092285,0,5
0.04085206985473633,0,6
0.04213690757751465,0,6
0.044020891189575195,0,6
0.0450749397277832,0,6
