Time,Dst,Type
0.0,1,1
4.00543212890625e-05,0,2
0.0007328987121582031,0,2
0.0007638931274414062,0,2
0.02291703224182129,0,3
0.024185895919799805,0,4
0.03074502944946289,0,5
0.04732704162597656,0,6
0.048937082290649414,0,6
0.050299882888793945,0,6
