Time,Dst,Type
0.0,1,1
0.0014030933380126953,0,2
0.0014379024505615234,0,2
0.0024008750915527344,0,2
0.004734992980957031,0,3
0.004755973815917969,0,3
0.013779878616333008,0,5
0.015942096710205078,0,6
0.017776966094970703,0,6
0.020247936248779297,0,6
0.02242898941040039,0,6
