Time,Dst,Type
0.0,1,1
2.9802322387695312e-05,0,2
0.0012359619140625,0,2
0.0012619495391845703,0,2
0.02223491668701172,0,3
0.022241830825805664,0,3
0.02401590347290039,0,4
0.030492782592773438,0,5
0.05212998390197754,0,6
0.053697824478149414,0,6
