Time,Dst,Type
0.0,1,1
0.017358064651489258,1,1
0.018568992614746094,0,2
0.04109907150268555,0,3
0.04112696647644043,0,3
0.04202008247375488,0,4
0.04877805709838867,0,5
0.06508898735046387,0,6
0.06597304344177246,0,6
0.0672459602355957,0,6
0.06843090057373047,0,6
