Time,Dst,Type
0.0,1,1
3.0040740966796875e-05,0,2
0.001238107681274414,0,2
0.0012640953063964844,0,2
0.04411721229553223,0,3
0.04412508010864258,0,3
0.0520780086517334,0,5
0.06965923309326172,0,6
0.0710902214050293,0,6
0.07235217094421387,0,6
0.07430601119995117,0,6
