Time,Dst,Type
0.0,1,1
3.504753112792969e-05,0,2
0.0010788440704345703,0,2
0.0011098384857177734,0,2
0.04303693771362305,0,3
0.04306602478027344,0,3
0.044061899185180664,0,4
0.051116943359375,0,5
0.06471085548400879,0,6
0.06598091125488281,0,6
0.06729888916015625,0,6
0.06877589225769043,0,6
