Time,Dst,Type
0.0,1,1
0.0006518363952636719,0,2
0.0006749629974365234,0,2
0.04481196403503418,0,3
0.044838905334472656,0,3
0.04589200019836426,0,4
0.05220389366149902,0,5
0.06537795066833496,0,6
0.0663449764251709,0,6
0.06785392761230469,0,6
0.06791996955871582,0,6
0.06921601295471191,0,6
