Time,Dst,Type
0.0,1,1
3.695487976074219e-05,0,2
0.0025289058685302734,0,2
0.002552032470703125,0,2
0.04432797431945801,0,3
0.04434704780578613,0,3
0.04584002494812012,0,4
0.0521700382232666,0,5
0.06599092483520508,0,6
0.06730103492736816,0,6
0.06885790824890137,0,6
0.07023906707763672,0,6
