Time,Dst,Type
0.0,1,1
0.0019249916076660156,0,2
0.0031430721282958984,0,2
0.04506087303161621,0,3
0.04508805274963379,0,3
0.04643988609313965,0,4
0.05300593376159668,0,5
0.0707249641418457,0,6
0.07238888740539551,0,6
0.07451701164245605,0,6
0.07579588890075684,0,6
