Time,Dst,Type
0.0,1,1
0.0011131763458251953,0,2
0.0011320114135742188,0,2
0.0019490718841552734,0,2
0.04491305351257324,0,3
0.04491996765136719,0,3
0.046270132064819336,0,4
0.05283212661743164,0,5
0.06663107872009277,0,6
0.0679011344909668,0,6
0.07008814811706543,0,6
