Time,Dst,Type
0.0,1,1
2.8848648071289062e-05,0,2
0.0011749267578125,0,2
0.0012028217315673828,0,2
0.04537487030029297,0,3
0.04539179801940918,0,3
0.046630859375,0,4
0.05234885215759277,0,5
0.06631183624267578,0,6
0.06760692596435547,0,6
0.06921100616455078,0,6
0.07085895538330078,0,6
