Time,Dst,Type
0.0,1,1
0.000843048095703125,0,2
0.0008709430694580078,0,2
0.0008759498596191406,0,2
0.043843984603881836,0,3
0.04386401176452637,0,3
0.04387712478637695,0,4
0.052098989486694336,0,5
0.06544303894042969,0,6
0.06850600242614746,0,6
0.06976604461669922,0,6
