Time,Dst,Type
0.0,1,1
1.5020370483398438e-05,0,2
0.0005819797515869141,0,2
0.0005960464477539062,0,2
0.044564008712768555,0,3
0.044584035873413086,0,3
0.04544687271118164,0,4
0.0521240234375,0,5
0.0650930404663086,0,6
0.06725406646728516,0,6
0.06948995590209961,0,6
