Time,Dst,Type
0.0,1,1
3.218650817871094e-05,0,2
0.0008780956268310547,0,2
0.04464006423950195,0,3
0.044669151306152344,0,3
0.04651999473571777,0,4
0.052924156188964844,0,5
0.06674003601074219,0,6
0.06803107261657715,0,6
0.06964397430419922,0,6
0.07096505165100098,0,6
