Time,Dst,Type
0.0,0,3
8.821487426757812e-06,0,3
0.0028009414672851562,0,4
0.009389877319335938,0,5
0.025461912155151367,0,6
0.028995037078857422,0,6
0.030530929565429688,0,6
6.088867902755737,0,2
6.089936017990112,0,2
16.217347860336304,1,1
16.217350959777832,0,2
16.218504905700684,0,2
16.219655990600586,0,2
16.24015784263611,1,1
26.387408018112183,1,1
