Time,Dst,Type
0.0,1,1
3.504753112792969e-05,0,2
0.0007870197296142578,0,2
0.0021140575408935547,0,2
0.021439075469970703,1,1
0.021459102630615234,0,2
0.022803068161010742,0,2
0.14931106567382812,0,3
0.149338960647583,0,3
0.15260910987854004,0,4
0.15900015830993652,0,5
0.16846299171447754,0,6
0.17185115814208984,0,6
0.1732780933380127,0,6
0.17553997039794922,0,6
5.202437162399292,1,1
5.22418212890625,1,1
