Time,Dst,Type
0.0,0,3
1.5020370483398438e-05,0,3
0.0027189254760742188,0,4
0.009961843490600586,0,5
0.026321887969970703,0,6
0.029618024826049805,0,6
0.029645919799804688,0,6
0.03161787986755371,0,6
0.032945871353149414,0,6
59.35800886154175,1,1
59.359477043151855,0,2
59.36518597602844,0,2
59.38156700134277,1,1
