Time,Dst,Type
0.0,0,3
2.6941299438476562e-05,0,3
0.002849102020263672,0,4
0.009453058242797852,0,5
0.016715049743652344,0,6
0.018006086349487305,0,6
0.020678043365478516,0,6
0.020737886428833008,0,6
12.388416051864624,1,1
12.389369010925293,0,2
12.389407873153687,0,2
12.390729904174805,0,2
12.410484075546265,1,1
22.332329034805298,1,1
22.33235788345337,0,2
22.333781003952026,0,2
22.334659099578857,0,2
22.354881048202515,1,1
