Time,Dst,Type
0.0,0,3
2.6941299438476562e-05,0,3
0.003847837448120117,0,4
0.01117086410522461,0,5
0.022696971893310547,0,6
0.025001049041748047,0,6
0.026699066162109375,0,6
0.028213024139404297,0,6
9.255476951599121,1,1
9.255511999130249,0,2
9.256446838378906,0,2
9.257407903671265,0,2
9.27758502960205,1,1
19.315062999725342,1,1
19.33778190612793,1,1
