Time,Dst,Type
0.0,0,3
3.1948089599609375e-05,0,3
0.002557992935180664,0,4
0.00938105583190918,0,5
0.019793033599853516,0,6
0.02170109748840332,0,6
0.023035049438476562,0,6
0.024125099182128906,0,6
6.234461069107056,1,1
6.235745906829834,0,2
6.235790967941284,0,2
6.2370569705963135,0,2
6.257482051849365,1,1
16.299057006835938,1,1
16.29906702041626,0,2
16.300081968307495,0,2
16.301156997680664,0,2
16.32140302658081,1,1
