Time,Dst,Type
0.0,0,3
8.821487426757812e-06,0,3
0.0031328201293945312,0,4
0.010071992874145508,0,5
0.031157970428466797,0,6
0.03227090835571289,0,6
0.03335285186767578,0,6
6.198917865753174,1,1
6.198947906494141,0,2
6.199707984924316,0,2
6.199723958969116,0,2
6.221814870834351,1,1
16.24857187271118,1,1
16.25141477584839,0,2
16.251444816589355,0,2
16.273916959762573,1,1
