Time,Dst,Type
0.0,0,3
0.004068136215209961,0,4
0.010810136795043945,0,5
0.018328189849853516,0,6
0.02019810676574707,0,6
0.02023005485534668,0,6
5.002319097518921,1,1
5.002348184585571,0,2
5.003408193588257,0,2
5.003445148468018,0,2
