Time,Dst,Type
0.0,1,1
4.601478576660156e-05,0,2
0.0012059211730957031,0,2
0.0012249946594238281,0,2
0.022197961807250977,1,1
0.025749921798706055,0,2
0.1463160514831543,0,3
0.14734101295471191,0,3
0.1515359878540039,0,4
0.15703296661376953,0,5
0.17353296279907227,0,6
0.17546796798706055,0,6
5.151948928833008,1,1
5.1533660888671875,0,2
5.153374910354614,0,2
5.154426097869873,0,2
5.17376708984375,1,1
