Time,Dst,Type
0.0,0,3
2.2172927856445312e-05,0,3
0.0035321712493896484,0,4
0.010107994079589844,0,5
0.017976045608520508,0,6
0.02018904685974121,0,6
0.020223140716552734,0,6
6.2230939865112305,1,1
6.245588064193726,1,1
16.26117515563965,1,1
16.261187076568604,0,2
16.26283597946167,0,2
16.263809204101562,0,2
16.283974170684814,1,1
