Time,Dst,Type
0.0,0,3
2.7179718017578125e-05,0,3
0.002390146255493164,0,4
0.009307146072387695,0,5
0.023197174072265625,0,6
0.02458500862121582,0,6
0.02591705322265625,0,6
0.025977134704589844,0,6
13.530189990997314,1,1
13.530205011367798,0,2
13.531329154968262,0,2
13.53251314163208,0,2
13.554772138595581,1,1
23.51922106742859,0,2
23.519249200820923,0,2
23.540749073028564,1,1
