Time,Dst,Type
0.0,0,3
1.6927719116210938e-05,0,3
0.00333404541015625,0,4
0.010301828384399414,0,5
0.023227930068969727,0,6
0.025127887725830078,0,6
0.02732086181640625,0,6
9.314477920532227,1,1
19.25473189353943,1,1
19.254739999771118,0,2
19.255861043930054,0,2
19.25586986541748,0,2
19.276681900024414,1,1
