Time,Dst,Type
0.0,0,1
0.0011591911315917969,0,2
0.001171112060546875,0,3
0.0023720264434814453,0,2
0.0023810863494873047,0,2
0.002384185791015625,0,3
0.01141214370727539,0,5
0.030245065689086914,0,6
0.034432172775268555,0,6
0.03620100021362305,0,6
0.03925514221191406,0,6
0.360598087310791,1,1
0.36061716079711914,0,2
0.361281156539917,0,2
0.3624100685119629,0,2
1.309028148651123,1,1
1.3090620040893555,0,2
1.3099720478057861,0,2
1.3100111484527588,0,2
