Time,Dst,Type
0.0,0,1
7.152557373046875e-06,0,2
0.0011150836944580078,0,2
0.0011200904846191406,0,2
0.0011219978332519531,0,3
0.0021431446075439453,0,3
0.00548100471496582,0,4
0.012117147445678711,0,5
0.019713163375854492,0,6
0.04848504066467285,0,6
0.057453155517578125,0,6
11.312238216400146,0,2
11.313233137130737,0,2
11.31324315071106,0,2
11.34152102470398,0,2
11.342040061950684,0,2
11.344719171524048,0,2
