Time,Dst,Type
0.0,0,1
9.059906005859375e-06,0,2
0.0010769367218017578,0,2
0.0010859966278076172,0,2
0.0037419795989990234,0,3
0.0037441253662109375,0,3
0.007413148880004883,0,4
0.007418155670166016,0,4
0.014992952346801758,0,5
0.03116011619567871,0,6
0.04779314994812012,0,6
0.04966616630554199,0,6
0.049685001373291016,0,6
0.05069708824157715,0,6
0.060105085372924805,0,6
0.06207895278930664,0,6
0.06439208984375,0,6
