Time,Dst,Type
0.0,0,1
8.106231689453125e-06,0,2
0.0011110305786132812,0,2
0.004764080047607422,0,3
0.004770040512084961,0,3
0.008388996124267578,0,4
0.008394002914428711,0,4
0.009592056274414062,0,4
0.009597063064575195,0,4
0.016798973083496094,0,5
0.031846046447753906,0,6
0.05228114128112793,0,6
0.06348896026611328,0,6
0.06750297546386719,0,6
2.6196181774139404,0,2
2.6210319995880127,0,2
2.6210520267486572,0,2
