Time,Dst,Type
0.0,0,1
0.0011050701141357422,0,2
0.0011088848114013672,0,3
0.0011110305786132812,0,2
0.0011119842529296875,0,3
0.005217075347900391,0,4
0.011784076690673828,0,5
0.01752305030822754,0,6
0.05542588233947754,0,6
0.05694699287414551,0,6
0.06253194808959961,0,6
