Time,Dst,Type
0.0,0,1
8.106231689453125e-06,0,2
0.0011260509490966797,0,2
0.001135110855102539,0,2
0.0011360645294189453,0,3
0.0011370182037353516,0,3
0.005177974700927734,0,4
0.011785030364990234,0,5
0.03205704689025879,0,6
0.04707503318786621,0,6
0.04917407035827637,0,6
0.05488300323486328,0,6
2.5494649410247803,0,2
2.5511319637298584,0,2
2.5702600479125977,0,2
2.570268154144287,0,2
