Time,Dst,Type
0.0,0,1
9.059906005859375e-06,0,2
0.0009641647338867188,0,2
0.0009741783142089844,0,2
0.0009751319885253906,0,3
0.002045154571533203,0,3
0.005532979965209961,0,4
0.011886119842529297,0,5
0.02719712257385254,0,6
0.05743098258972168,0,6
0.05903911590576172,0,6
0.06454014778137207,0,6
2.5768661499023438,0,2
2.5768721103668213,0,2
2.578217029571533,0,2
