Time,Dst,Type
0.0,0,1
1.9073486328125e-06,0,2
0.0007879734039306641,0,2
0.0019478797912597656,0,3
0.0019538402557373047,0,3
0.009994983673095703,0,4
0.060002803802490234,0,6
0.061914920806884766,0,6
0.06782984733581543,0,6
